Episode,Epsilon,Reward,Mean_Reward,Time
0.0,1.0,-183.38526714717452,-183.38526714717452,82.0
1.0,0.995,-288.8922757180818,-236.13877143262818,109.0
2.0,0.990025,-135.0138590126077,-202.43046729262133,70.0
3.0,0.985074875,-88.26070188719626,-173.88802594126508,73.0
4.0,0.9801495006250001,-153.8126058695579,-169.87294192692366,146.0
5.0,0.9752487531218751,-87.06033457224623,-156.07084070114408,57.0
6.0,0.9703725093562657,-122.00667060720514,-151.20453068772423,89.0
7.0,0.9655206468094844,-121.93964654000885,-147.54642016925982,96.0
8.0,0.960693043575437,-164.38586140675187,-149.41746919564784,81.0
9.0,0.9558895783575597,-379.2857907669056,-172.40430135277362,99.0
10.0,0.9511101304657719,-273.3636857219287,-181.58242720451497,101.0
11.0,0.946354579813443,-125.63064541932256,-176.9197787224156,79.0
12.0,0.9416228069143757,-130.78626057910307,-173.3710465575454,90.0
13.0,0.9369146928798039,-95.24268381068048,-167.79044921848362,127.0
14.0,0.9322301194154049,-378.17917774971147,-181.81636445389879,91.0
15.0,0.9275689688183278,-73.47309939885253,-175.0449103879584,64.0
16.0,0.9229311239742362,-66.92760859025198,-168.68506910574038,68.0
17.0,0.918316468354365,-87.16907673319447,-164.15640286282115,67.0
18.0,0.9137248860125932,-126.59218313728111,-162.1793386667401,99.0
19.0,0.9091562615825302,-131.8876880378258,-160.66475613529437,125.0
20.0,0.9046104802746175,-178.59851754757437,-161.51874477397436,99.0
21.0,0.9000874278732445,-110.64736376491012,-159.20640927356237,134.0
22.0,0.8955869907338783,-112.30503944003767,-157.16721928080042,110.0
23.0,0.8911090557802088,-116.60960584619545,-155.47731872102523,81.0
24.0,0.8866535105013078,-116.77526356996958,-153.92923651498302,76.0
25.0,0.8822202429488013,-84.03795767951658,-151.2411104059266,88.0
26.0,0.8778091417340573,-167.2617596898922,-151.83446778681423,87.0
27.0,0.8734200960253871,-180.44456948892446,-152.85625713331817,122.0
28.0,0.8690529955452602,-113.68786635222743,-151.50562296845297,88.0
29.0,0.8647077305675338,-243.45901831177753,-154.57073614656377,91.0
30.0,0.8603841919146962,-137.54684523216798,-154.02157837513167,79.0
31.0,0.8560822709551227,-0.951794155239611,-149.23814761826003,116.0
32.0,0.851801859600347,-67.61579954537561,-146.76474313120295,76.0
33.0,0.8475428503023453,-345.399806007352,-152.60695086285438,104.0
34.0,0.8433051360508336,-106.49238033703034,-151.2893917049737,97.0
35.0,0.8390886103705794,-112.16023112794353,-150.20247057783396,77.0
36.0,0.8348931673187264,-98.25749565777825,-148.79855233675138,106.0
37.0,0.8307187014821328,-20.937892988411136,-145.43379814337402,88.0
38.0,0.8265651079747222,-76.04945490350578,-143.65471241927483,83.0
39.0,0.8224322824348486,-110.17612655604364,-142.81774777269402,114.0
40.0,0.8183201210226743,-128.1301725788556,-142.4595142313809,128.0
41.0,0.8142285204175609,-179.65596362715172,-143.34514397889922,91.0
42.0,0.810157377815473,-101.7015432205924,-142.3766881473107,121.0
43.0,0.8061065909263957,-168.13293001137362,-142.96205728058487,85.0
44.0,0.8020760579717637,-161.99089960006722,-143.38492044324005,140.0
45.0,0.798065677681905,-60.301941369697516,-141.57876872424998,130.0
46.0,0.7940753492934954,-80.68052386792728,-140.2830613868814,76.0
47.0,0.7901049725470279,-148.53181647211136,-140.45491045115705,90.0
48.0,0.7861544476842928,-123.04650158701506,-140.09963680086844,133.0
49.0,0.7822236754458713,-220.57001282335307,-141.70904432131812,132.0
50.0,0.778312557068642,-74.97376932916652,-140.40050951755043,72.0
51.0,0.7744209942832988,-159.02711291713726,-140.75871342908096,117.0
52.0,0.7705488893118823,-42.448786865974945,-138.90380915430538,92.0
53.0,0.7666961448653229,-79.13693725117926,-137.7970152301734,92.0
54.0,0.7628626641409962,-141.12407571490417,-137.8575072389867,105.0
55.0,0.7590483508202912,-72.72705576509117,-136.69446346266713,82.0
56.0,0.7552531090661897,-95.74683725578046,-135.9760840555288,123.0
57.0,0.7514768435208588,-46.38406901301499,-134.43139414100267,116.0
58.0,0.7477194593032545,-56.1429078877413,-133.10447064518468,76.0
59.0,0.7439808620067382,-128.65063086677694,-133.0302399822112,138.0
60.0,0.7402609576967045,-54.04626115235632,-131.7354206571316,81.0
61.0,0.736559652908221,-68.15375839037318,-130.70990997540972,71.0
62.0,0.7328768546436799,-97.75446357140568,-130.1868076515366,61.0
63.0,0.7292124703704616,-42.49521304506861,-128.8166264858106,101.0
64.0,0.7255664080186093,-123.32882409832331,-128.73219875677233,97.0
65.0,0.7219385759785162,-55.50490426905844,-127.62269429483727,93.0
66.0,0.7183288830986236,-89.5297484063474,-127.05414286366577,108.0
67.0,0.7147372386831305,-105.38215135827234,-126.7354371062335,106.0
68.0,0.7111635524897149,-62.071984371379074,-125.79828561732258,142.0
69.0,0.7076077347272662,-30.524314263104856,-124.43722888369089,102.0
70.0,0.7040696960536299,-107.59193339178225,-124.19997120070627,125.0
71.0,0.7005493475733617,-152.77749722435755,-124.59688128436808,110.0
72.0,0.697046600835495,-77.47762708408409,-123.95141204874777,140.0
73.0,0.6935613678313175,-53.37067213187383,-122.99761826608731,81.0
74.0,0.6900935609921609,-66.57528339113084,-122.24532046775455,85.0
75.0,0.6866430931872001,-78.91745680113027,-121.67521699845685,151.0
76.0,0.6832098777212641,29.882531852648185,-119.70693454584509,130.0
77.0,0.6797938283326578,-45.311970056924025,-118.75315294983328,83.0
78.0,0.6763948591909945,-73.48105629662498,-118.1800884352357,141.0
79.0,0.6730128848950395,-89.26873859147766,-117.81869656218876,125.0
80.0,0.6696478204705644,-40.99884768791905,-116.87030336621012,124.0
81.0,0.6662995813682115,-74.31145854695951,-116.35129306353633,202.0
82.0,0.6629680834613705,-65.24287645727553,-115.73552900803921,97.0
83.0,0.6596532430440636,-109.35362222800379,-115.65955392732451,106.0
84.0,0.6563549768288433,-28.007859844262086,-114.62835752634729,146.0
85.0,0.653073201944699,-83.78618380772514,-114.26972759938656,135.0
86.0,0.6498078359349755,-176.4469165664467,-114.98440793234127,148.0
87.0,0.6465587967553006,-66.0869783746891,-114.42875532373161,89.0
88.0,0.6433260027715241,-46.92322875073923,-113.67026626111371,163.0
89.0,0.6401093727576664,-84.83608246595065,-113.34988644116746,125.0
90.0,0.6369088258938781,-173.41328420527924,-114.00992377923461,132.0
91.0,0.6337242817644086,-39.75108988157443,-113.20276254121656,172.0
92.0,0.6305556603555866,-85.91679379012227,-112.90936502776394,231.0
93.0,0.6274028820538087,-70.71567984871898,-112.4604960364975,130.0
94.0,0.6242658676435396,11.568071052941178,-111.15493217239815,132.0
95.0,0.6211445383053219,-51.19780196885125,-110.53037873277788,88.0
96.0,0.6180388156137953,-99.63987867596742,-110.4181055363159,185.0
97.0,0.6149486215357263,-78.27792513815488,-110.09014451184487,103.0
98.0,0.6118738784280476,-120.48681838578577,-110.19516141966245,178.0
99.0,0.6088145090359074,-11.520829637615535,-109.20841810184199,137.0
100.0,0.6057704364907278,-36.82064224025919,-107.74277185277283,184.0
101.0,0.6027415843082742,-169.0604604201979,-106.54445369979399,147.0
102.0,0.5997278763867329,-113.60964109376789,-106.33041152060561,193.0
103.0,0.5967292370047992,-178.37879397944607,-107.23159244152811,93.0
104.0,0.5937455908197752,-93.94892697967872,-106.63295565262932,96.0
105.0,0.5907768628656763,-51.89482591789912,-106.28130056608585,128.0
106.0,0.5878229785513479,-45.815007944937534,-105.51938393946315,163.0
107.0,0.5848838636585911,29.630137186110773,-104.00368610220197,169.0
108.0,0.5819594443402982,-25.46025096895508,-102.614429997824,171.0
109.0,0.5790496471185967,7.964045615677875,-98.74193163399818,129.0
110.0,0.5761543988830038,-45.88249593428289,-96.46711973612173,500.0
111.0,0.5732736268885887,-40.11749327585801,-95.61198821468707,114.0
112.0,0.5704072587541458,4.494229693713763,-94.2591833119589,460.0
113.0,0.567555222460375,-4.148364033970822,-93.34824011419181,252.0
114.0,0.5647174463480732,5.245264237778585,-89.51399569431689,198.0
115.0,0.5618938591163328,25.45689776312105,-88.52469572269716,122.0
116.0,0.5590843898207511,-72.49717956045762,-88.58039143239921,154.0
117.0,0.5562889678716474,-12.639560284104732,-87.8350962679083,191.0
118.0,0.5535075230322891,-190.009933221422,-88.46927376874972,221.0
119.0,0.5507399854171277,13.961320000782933,-87.01078368836363,180.0
120.0,0.547986285490042,-37.697190217767044,-85.60177041506554,260.0
121.0,0.5452463540625918,-56.243585779850214,-85.05773263521496,190.0
122.0,0.5425201222922789,-121.9387494200732,-85.15406973501533,166.0
123.0,0.5398075216808175,-175.13971846013197,-85.73937086115467,152.0
124.0,0.5371084840724134,-24.142801791244565,-84.81304624336742,194.0
125.0,0.5344229416520513,-55.97749138382731,-84.53244158041052,160.0
126.0,0.531750826943791,-96.43469189128768,-83.82417090242448,147.0
127.0,0.5290920728090721,-41.42467993017408,-82.433972006837,93.0
128.0,0.5264466124450268,-302.03578069444507,-84.31745115025916,487.0
129.0,0.5238143793828016,-126.6244285079327,-83.1491052522207,106.0
130.0,0.5211953074858876,-17.36233819860341,-81.94726018188507,96.0
131.0,0.5185893309484582,-94.16484273112155,-82.87939066764389,228.0
132.0,0.5159963842937159,-20.309132038394935,-82.4063239925741,216.0
133.0,0.5134164023722473,-82.09236837567333,-79.7732496162573,152.0
134.0,0.510849320360386,-244.03161257033148,-81.14864193859032,389.0
135.0,0.5082950737585841,-110.93616611389999,-81.13640128844987,156.0
136.0,0.5057535983897912,-77.71867163717589,-80.93101304824386,74.0
137.0,0.5032248303978422,-29.20889317850977,-81.01372305014485,246.0
138.0,0.500708706245853,-222.14854507437553,-82.47471395185353,335.0
139.0,0.4982051627146237,38.071007814057594,-80.99224260815254,178.0
140.0,0.49571413690105054,-83.95137969850711,-80.55045467934906,218.0
141.0,0.4932355662165453,-192.86414092036853,-80.68253645228123,382.0
142.0,0.4907693883854626,-5.541202171746335,-79.72093304179275,184.0
143.0,0.4883155414435353,-21.161478151188476,-78.25121852319089,115.0
144.0,0.4858739637363176,-19.846489931929685,-76.82977442650952,500.0
145.0,0.483444593917636,-54.10886658058797,-76.76784367861843,141.0
146.0,0.4810273709480478,-20.478983704557592,-76.16582827698473,233.0
147.0,0.47862223409330756,-80.52888216862635,-75.48579893394987,316.0
148.0,0.47622912292284103,-21.49210655587434,-74.47025498363848,500.0
149.0,0.4738479773082268,12.207435454043358,-72.14248050086451,500.0
150.0,0.47147873742168567,-267.043146175855,-74.0631742693314,379.0
151.0,0.46912134373457726,9.602294948394801,-72.37688019067608,500.0
152.0,0.46677573701590436,-29.31049353680261,-72.24549725738436,117.0
153.0,0.46444185833082485,21.801714902238363,-71.23611073585018,500.0
154.0,0.46211964903917074,-40.33355031610701,-70.22820548186222,108.0
155.0,0.4598090507939749,-16.986076114315644,-69.67079568535445,500.0
156.0,0.457510005540005,-41.53194506306022,-69.12864676342726,125.0
157.0,0.45522245551230495,-26.95466056601167,-68.93435267895723,436.0
158.0,0.4529463432347434,-20.51862965528352,-68.57810989663263,174.0
159.0,0.4506816115185697,-19.986508268463723,-67.49146867064951,500.0
160.0,0.4484282034609769,9.968761686846722,-66.85131844225747,500.0
161.0,0.446186062443672,50.71282976246127,-65.66265256072913,500.0
162.0,0.4439551321314536,20.338307306948952,-64.48172485194557,500.0
163.0,0.4417353564707963,3.926415451393585,-64.01750856698095,500.0
164.0,0.43952667968844233,-25.6130152798806,-63.040350478796526,143.0
165.0,0.43732904629000013,-38.09749288260248,-62.86627636493196,193.0
166.0,0.4351424010585501,-42.903938513142904,-62.40001826599992,219.0
167.0,0.43296668905325736,5.352954122199193,-61.2926672111952,146.0
168.0,0.43080185560799106,-21.517501553165502,-60.88712238301307,159.0
169.0,0.4286478463299511,7.840852826832844,-60.503470712113696,274.0
170.0,0.42650460709830135,4.853038365660794,-59.37902099453927,162.0
171.0,0.42437208406280985,-9.084216550886532,-57.94208818780456,500.0
172.0,0.4222502236424958,-36.73455648359395,-57.53465748179965,165.0
173.0,0.42013897252428334,-77.55518404759754,-57.77650260095689,265.0
174.0,0.4180382776616619,50.320066509920906,-56.60754910194637,500.0
175.0,0.4159480862733536,62.80441722305371,-55.190330361704525,500.0
176.0,0.41386834584198684,-54.22294772739967,-56.031385157505,195.0
177.0,0.4117990041127769,-46.736320725600365,-56.04562866419176,182.0
178.0,0.40974000909221303,19.888347391302116,-55.1119346273125,500.0
179.0,0.40769130904675194,9.423431293049616,-54.12501292846723,500.0
180.0,0.40565285250151817,27.519683837503333,-53.43982761321301,500.0
181.0,0.4036245882390106,34.69902316612688,-52.34972279608215,500.0
182.0,0.4016064652978155,92.46909214860209,-50.77260311002338,500.0
183.0,0.3995984329713264,-56.99193610072002,-50.248986248750526,500.0
184.0,0.3976004408064698,-56.74051397369638,-50.536312790044875,86.0
185.0,0.39561243860243744,14.33515109646655,-49.55509944100296,500.0
186.0,0.3936343764094253,86.03519684731175,-46.930278306865375,500.0
187.0,0.39166620452737816,-64.21401239471494,-46.91154864706563,177.0
188.0,0.3897078735047413,31.120290065681775,-46.13111345890142,500.0
189.0,0.3877593341372176,97.96922096455154,-44.303060424596396,500.0
190.0,0.3858205374665315,80.58025532500344,-41.76312502929357,500.0
191.0,0.38389143477919885,83.75275250999783,-40.52808660537785,500.0
192.0,0.3819719776053028,104.76294876324218,-38.6212891798442,500.0
193.0,0.3800621177172763,60.165944014178834,-37.312472941215226,500.0
194.0,0.37816180712868996,-12.32667723054982,-37.551420424050136,163.0
195.0,0.37627099809304654,6.1922026565952555,-36.97752037779567,500.0
196.0,0.3743896431025813,84.38943811683298,-35.13722720986766,500.0
197.0,0.37251769488706843,-0.5781999854952744,-34.36022995834107,321.0
198.0,0.3706551064126331,136.06279406221407,-31.794733833861073,500.0
199.0,0.36880183088056995,73.46780272216294,-30.94484751026329,500.0
200.0,0.3669578217261671,46.30188332748824,-30.113622254585813,171.0
201.0,0.36512303261753626,88.43231596014115,-27.538694490782422,500.0
202.0,0.3632974174544486,58.2763482639065,-25.819834597205674,500.0
203.0,0.3614809303671764,122.67475046046644,-22.809299152806553,500.0
204.0,0.3596735257153405,65.03111218867467,-21.219498761123013,500.0
205.0,0.3578751580867638,72.29154246180175,-19.97763507732601,500.0
206.0,0.35608578229633,-7.497389091578724,-19.594458888792424,500.0
207.0,0.3543053533848483,-129.5408942709543,-21.186169203363075,319.0
208.0,0.35253382661792404,90.63640266224724,-20.025202667051047,500.0
209.0,0.3507711574848344,28.818922510259892,-19.81665389810523,500.0
210.0,0.34901730169741024,19.76872355933952,-19.160141703169003,119.0
211.0,0.3472722151889232,98.14513686895116,-17.777515401720915,500.0
212.0,0.3455358541129786,71.28156704634542,-17.109642028194596,500.0
213.0,0.3438081748424137,35.70479221446379,-16.711110465710252,500.0
214.0,0.3420891339682016,116.74515262593982,-15.596111581828639,500.0
215.0,0.3403786882983606,-71.90576037038069,-16.569738163163656,500.0
216.0,0.3386767948568688,88.00607794563541,-14.964705588102724,500.0
217.0,0.33698341088258443,108.70008953693399,-13.75130908989234,500.0
218.0,0.3352984938281715,90.91798376543352,-10.942029920023783,500.0
219.0,0.33362200135903064,55.60014397270204,-10.525641680304593,500.0
220.0,0.33195389135223546,73.73205485912641,-9.411349229535658,500.0
221.0,0.3302941218954743,-44.22911285722749,-9.291204500309433,500.0
222.0,0.32864265128599696,-18.235870609514226,-8.254175712203843,500.0
223.0,0.326999438029567,-111.09592474625117,-7.613737775065036,180.0
224.0,0.3253644408394192,-84.60296234503632,-8.218339380602952,334.0
225.0,0.3237376186352221,102.28548148576235,-6.635709651907055,500.0
226.0,0.322118930542046,-2.783728871684122,-5.699200021711019,500.0
227.0,0.32050833588933575,-188.22536527722448,-7.167206875181523,335.0
228.0,0.31890579420988907,-43.405536793237886,-4.580904436169451,103.0
229.0,0.3173112652388396,59.495827610914084,-2.7197018749809843,500.0
230.0,0.3157247089126454,2.669306202832913,-2.519385430966621,500.0
231.0,0.3141460853680822,89.66861581401335,-0.681050845515272,500.0
232.0,0.3125753549412418,59.0167195769984,0.11220767063866177,500.0
233.0,0.31101247816653554,-51.64359359653307,0.4166954184300635,500.0
234.0,0.30945741577570285,71.5546292677642,3.5725578368110207,500.0
235.0,0.3079101286968243,57.27180769385204,5.254637574888541,500.0
236.0,0.3063705780533402,-11.007699243820646,5.921747298822094,500.0
237.0,0.30483872516307353,-147.83507135073532,4.735485517099837,499.0
238.0,0.3033145315372582,27.130628961579966,7.228277257459394,500.0
239.0,0.3017979588795719,48.2571575199323,7.33013875451814,500.0
240.0,0.30028896908517405,-0.7613387893200212,8.162039163610013,163.0
241.0,0.2987875242397482,-151.17124739210283,8.578968098892668,423.0
242.0,0.29729358661854943,-12.972142582463595,8.504658694785498,500.0
243.0,0.29580711868545667,80.26495198189535,9.518922996116334,500.0
244.0,0.2943280830920294,-5.869173962776644,9.658696155807865,500.0
245.0,0.29285644267656924,44.67900715176389,10.64657489313138,500.0
246.0,0.2913921604631864,50.53003541360069,11.356665084312965,500.0
247.0,0.28993519966087045,98.57402335687874,13.147694139568019,500.0
248.0,0.2884855236625661,-15.144525465604922,13.211169950470712,500.0
249.0,0.28704309604425327,85.02705875279031,13.93936618345818,500.0
250.0,0.285607880564032,-16.51326516756706,16.444664993541053,500.0
251.0,0.28417984116121187,112.28498916917368,17.471491935748844,500.0
252.0,0.2827589419554058,44.81613427733385,18.21275821389021,500.0
253.0,0.28134514724562876,-18.237829814012123,17.812362766727706,500.0
254.0,0.2799384215094006,41.57583134748595,18.631456583363637,500.0
255.0,0.27853872940185365,41.88886812502807,19.220206025757076,500.0
256.0,0.27714603575484437,64.91016214950766,20.284627097882748,500.0
257.0,0.2757603055760701,99.8453804916825,21.552627508459697,500.0
258.0,0.2743815040481898,131.8414740078723,23.076228545091254,500.0
259.0,0.2730095965279488,98.27844963378448,24.25887812411374,500.0
260.0,0.27164454854530906,76.45418787385185,24.92373238598379,500.0
261.0,0.2702863258025825,-179.0313549582756,22.62629053877642,209.0
262.0,0.2689348941735696,-80.6568566913516,21.616338898793412,246.0
263.0,0.26759021970270175,92.12345793547347,22.498309323634214,500.0
264.0,0.2662522686041882,80.47010214290236,23.55914049786204,500.0
265.0,0.2649210072611673,89.56607859712604,24.835776212659326,500.0
266.0,0.26359640222486147,-64.96954373022075,24.61512016048855,500.0
267.0,0.26227842021373715,52.7279696458867,25.088870315725416,500.0
268.0,0.2609670281126685,61.98614027644935,25.923906734021575,500.0
269.0,0.25966219297210513,51.87220987794039,26.36422030453265,500.0
270.0,0.2583638820072446,-21.74218438885798,26.098268076987466,117.0
271.0,0.2570720625972084,-263.3812969801043,23.555297272695285,500.0
272.0,0.25578670228422234,-0.14898591082428103,23.921152978422977,500.0
273.0,0.25450776877280124,14.282536890952528,24.83953018780848,112.0
274.0,0.2532352299289372,-22.916175809619162,24.107167764613077,158.0
275.0,0.2519690537792925,46.42303193584553,23.943353911740996,500.0
276.0,0.2507092085103961,-171.55007508825167,22.770082638132475,336.0
277.0,0.2494556624678441,62.28534180586246,23.860299263447104,500.0
278.0,0.24820838415550486,42.01142966207232,24.081530086154807,500.0
279.0,0.24696734223472733,39.80040260015417,24.385299799225848,500.0
280.0,0.2457325055235537,76.05477617415693,24.87065072259238,500.0
281.0,0.24450384299593592,197.2779734556301,26.49644022548742,435.0
282.0,0.24328132378095624,87.34324895569742,26.44518179355837,500.0
283.0,0.24206491716205145,17.838006284024413,27.193481217405814,500.0
284.0,0.2408545925762412,56.71691354010341,28.328055492543818,500.0
285.0,0.23965031961336,85.24455479269483,29.0371495295061,500.0
286.0,0.2384520680152932,72.46459105833996,28.901443471616375,500.0
287.0,0.23725980767521673,53.003409485723296,30.073617690420765,500.0
288.0,0.23607350863684065,-6.935433679991718,29.693060452964026,108.0
289.0,0.23489314109365644,26.96166312148363,28.982984874533344,500.0
290.0,0.23371867538818816,100.97595330493637,29.186941854332677,500.0
291.0,0.23255008201124722,70.16353946758038,29.051049723908505,500.0
292.0,0.231387331601191,97.04429024022942,28.97386313867837,500.0
293.0,0.23023039494318503,112.11693905655072,29.493373089102093,500.0
294.0,0.2290792429684691,64.08961256218045,30.257535987029392,500.0
295.0,0.22793384675362674,96.93314289695728,31.164945389433015,500.0
296.0,0.22679417751985861,79.1263139706234,31.112314147970913,500.0
297.0,0.22566020663225933,-29.305057479262697,30.825045573033243,500.0
298.0,0.22453190559909803,41.80154569877409,29.882433089398845,500.0
299.0,0.22340924607110255,58.32253623742788,29.7309804245515,500.0
300.0,0.22229219984074702,45.33680975848232,29.721329688861434,500.0
301.0,0.2211807388415433,56.569793639664134,29.40270446565667,500.0
302.0,0.22007483514733558,53.61740870633892,29.356115070080993,500.0
303.0,0.2189744609715989,71.62900347291128,28.845657600205442,500.0
304.0,0.2178795886667409,87.87337042756099,29.074080182594308,500.0
305.0,0.2167901907234072,54.84135757058529,28.899578333682143,500.0
306.0,0.21570623976979014,96.49108253842859,29.939463049982216,500.0
307.0,0.21462770857094118,55.21822707542132,31.78705426344597,500.0
308.0,0.21355457002808648,92.08209763436129,31.80151121316711,500.0
309.0,0.21248679717794605,38.52232813572247,31.89854526942174,500.0
310.0,0.21142436319205632,54.17862797868137,32.24264431361516,500.0
311.0,0.21036724137609603,49.78191107783262,31.75901205570397,500.0
312.0,0.20931540516921554,121.68341566556089,32.26303054189613,500.0
313.0,0.20826882814336947,75.22301941551021,32.658212813906594,500.0
314.0,0.20722748400265262,-224.72605748702102,29.24350071277698,217.0
315.0,0.20619134658263935,101.89040882886763,30.981462404769463,500.0
316.0,0.20516038984972615,117.74488796692154,31.278850504982323,500.0
317.0,0.2041345879004775,98.39513330630794,31.17580094267606,500.0
318.0,0.2031139149609751,57.57766517449306,30.842397756766655,500.0
319.0,0.20209834538617025,46.60625793816996,30.752458896421334,500.0
320.0,0.2010878536592394,63.05813064531285,30.645719654283198,500.0
321.0,0.2000824143909432,18.357401196992743,31.271584794825404,500.0
322.0,0.19908200231898848,39.790405525506706,31.851847556175613,500.0
323.0,0.19808659230739353,109.27305025266679,34.055537306164794,500.0
324.0,0.19709615934585656,77.95268239692994,35.681093753584456,500.0
325.0,0.19611067854912728,99.80657594887809,35.656304698215614,500.0
326.0,0.19513012515638165,49.021262992415075,36.174354616856604,500.0
327.0,0.19415447453059972,105.21952515231416,39.10880352115199,500.0
328.0,0.19318370215794672,75.04527246077946,40.29331161369216,500.0
329.0,0.192217783647157,-195.996851958384,37.73838481799918,368.0
330.0,0.1912566947289212,80.83859636996,38.520077719670454,500.0
331.0,0.1903004112552766,17.796714422571608,37.80135870575604,500.0
332.0,0.18934890919900021,105.7511813906126,38.26870332389218,500.0
333.0,0.18840216465300522,112.81369642018002,39.91327622405931,500.0
334.0,0.18746015382974018,56.46133839113061,39.76234331529297,500.0
335.0,0.1865228530605915,255.06676102551165,41.74029284860957,267.0
336.0,0.18559023879528855,77.03416378480945,42.62071147889586,500.0
337.0,0.1846622876013121,156.461606787927,45.663678260282495,500.0
338.0,0.18373897616330553,147.00977294184744,46.862469700085164,500.0
339.0,0.182820281282489,21.61414259971434,46.596039550883,500.0
340.0,0.18190617987607657,-19.007899859271376,46.413573940183475,500.0
341.0,0.18099664897669618,84.14294016112805,48.76671581571579,500.0
342.0,0.1800916657318127,93.51281294886935,49.83156537102911,500.0
343.0,0.17919120740315364,51.2381056599966,49.54129690781013,500.0
344.0,0.17829525136613786,40.98086351235153,50.009797282561415,500.0
345.0,0.17740377510930716,77.2125656473704,50.33513286751748,500.0
346.0,0.17651675623376062,70.20204354459388,50.53185294882741,500.0
347.0,0.1756341724525918,94.4070272285858,50.49018298754448,500.0
348.0,0.17475600159032884,97.94003314926509,51.621028573693174,500.0
349.0,0.17388222158237718,74.83360675068764,51.51909405367216,500.0
350.0,0.1730128104744653,81.67095663529344,52.500936271700766,500.0
351.0,0.17214774642209296,79.88707172899922,52.17695709729902,500.0
352.0,0.1712870076899825,97.81717129541448,52.70696746747983,500.0
353.0,0.17043057265153258,-44.034712280517724,52.448998642814765,136.0
354.0,0.16957841978827493,140.47751509907124,53.43801548033061,500.0
355.0,0.16873052768933355,121.29233910049905,54.23205019008532,500.0
356.0,0.1678868750508869,35.24717912359659,53.93542035982621,500.0
357.0,0.16704744067563246,22.59550788886074,53.16292163379799,500.0
358.0,0.1662122034722543,98.53994724003248,52.829906366119594,500.0
359.0,0.16538114245489302,-48.12403836239739,51.365881486157775,153.0
360.0,0.16455423674261854,-33.629628315891395,50.26504332426035,500.0
361.0,0.16373146555890544,130.29693774655993,53.35832625130869,500.0
362.0,0.16291280823111093,71.57853118257997,54.88068013004801,500.0
363.0,0.16209824418995536,65.08797693230541,54.61032532001634,500.0
364.0,0.16128775296900558,-6.785392884077991,53.73777036974654,500.0
365.0,0.16048131420416054,60.317325161749366,53.44528283539276,500.0
366.0,0.15967890763313974,83.24895179625399,54.92746779065751,500.0
367.0,0.15888051309497406,59.2315468886385,54.99250356308502,500.0
368.0,0.1580861105294992,88.52517438284248,55.25789390414895,500.0
369.0,0.1572956799768517,14.643407034141564,54.88560587571097,500.0
370.0,0.15650920157696743,19.053772750900063,55.29356544710855,500.0
371.0,0.1557266555690826,23.701705014847317,58.164395467058064,500.0
372.0,0.1549480222912372,108.15923386889754,59.24747766485529,500.0
373.0,0.15417328217978102,204.3862523232914,61.14851481917867,438.0
374.0,0.1534024157688821,80.16602156075177,62.17933679288239,500.0
375.0,0.1526354036900377,47.142999893927495,62.1865364724632,500.0
376.0,0.1518722266715875,76.29311409983852,64.66496836434412,500.0
377.0,0.15111286553822956,55.69455426882313,64.59906048897372,500.0
378.0,0.15035730121053842,101.7039227096005,65.195985419449,500.0
379.0,0.14960551470448571,52.01764714986167,65.31815786494607,500.0
380.0,0.14885748713096328,89.32608957877343,65.45087099899223,500.0
381.0,0.14811319969530845,106.40879748158274,64.54217923925177,500.0
382.0,0.1473726336968319,89.84531839427267,64.56719993363753,500.0
383.0,0.14663577052834775,227.8877817314895,66.66769768811217,406.0
384.0,0.14590259167570602,26.141194216323942,66.36194049487439,500.0
385.0,0.1451730787173275,37.1043363859973,65.8805383108074,500.0
386.0,0.14444721332374086,70.98210898716746,65.86571349009567,500.0
387.0,0.14372497725712216,99.40415108946995,66.32972090613315,500.0
388.0,0.14300635237083656,74.92255835080991,67.14830082644116,500.0
389.0,0.14229132060898236,60.08241677712994,67.47950836299762,500.0
390.0,0.14157986400593744,33.14172256138137,66.80116605556208,500.0
391.0,0.14087196468590776,109.08695499046593,67.19040021079093,500.0
392.0,0.14016760486247823,76.17052959145413,66.98166260430317,500.0
393.0,0.13946676683816583,65.31071424707795,66.51360035620844,500.0
394.0,0.138769433003975,57.79405833442911,66.45064481393094,500.0
395.0,0.13807558583895513,93.25746037595644,66.41388798872093,500.0
396.0,0.13738520790976036,93.39364154728696,66.55656126448757,500.0
397.0,0.13669828187021155,48.62825306709827,67.33589436995116,500.0
398.0,0.13601479046086049,101.99449723823398,67.93782388534576,500.0
399.0,0.1353347165085562,139.9253870545623,68.7538523935171,500.0
400.0,0.1346580429260134,-18.648380152381772,68.11400049440846,500.0
401.0,0.13398475271138335,17.28143322747293,67.72111689028655,500.0
402.0,0.13331482894782642,105.85088613879653,68.24345166461114,500.0
403.0,0.13264825480308728,86.14091665172603,68.38857079639928,500.0
404.0,0.13198501352907185,169.24858021907966,69.20232289431446,456.0
405.0,0.1313250884614265,91.62513107287985,69.57016062933741,500.0
406.0,0.13066846301911936,85.39908652290623,69.45924066918218,500.0
407.0,0.13001512070402377,232.89862004381732,71.23604459886614,410.0
408.0,0.12936504510050365,109.34516605913748,71.40867528311391,500.0
409.0,0.12871821987500112,105.02995735442795,72.07375157530096,500.0
410.0,0.12807462877562611,137.04885126623182,72.90245380817647,500.0
411.0,0.12743425563174798,42.89379542663539,72.8335726516645,500.0
412.0,0.12679708435358925,25.28095535087591,71.86954804851764,500.0
413.0,0.1261630989318213,44.653582834678836,71.56385368270934,500.0
414.0,0.1255322834371622,99.12190657187986,74.80233332329834,500.0
415.0,0.12490462201997637,64.84542245640598,74.43188345957373,500.0
416.0,0.1242800989098765,84.96138804817852,74.1040484603863,500.0
417.0,0.12365869841532712,86.10828244649824,73.98117995178819,500.0
418.0,0.12304040492325048,93.78847092606003,74.34328800930386,500.0
419.0,0.12242520289863423,38.52999068828832,74.26252533680506,500.0
420.0,0.12181307688414106,84.33156786343459,74.47525970898627,500.0
421.0,0.12120401149972035,105.98414137830724,75.35152711079941,500.0
422.0,0.12059799144222175,220.4281711573962,77.1579047671183,410.0
423.0,0.11999500148501063,144.53768278634072,77.51055109245505,500.0
424.0,0.11939502647758558,119.2663918674372,77.92368818716011,500.0
425.0,0.11879805134519765,48.18319752723852,77.40745440294373,500.0
426.0,0.11820406108847166,136.10558437223634,78.27829761674194,500.0
427.0,0.1176130407830293,79.38900700913551,78.01999243531014,500.0
428.0,0.11702497557911415,135.61212972177412,78.6256610079201,500.0
429.0,0.11643985070121858,138.52952968465374,81.97092482435048,500.0
430.0,0.11585765144771248,85.56414535397022,82.01818031419057,500.0
431.0,0.11527836319047392,42.126567552678125,82.26147884549164,500.0
432.0,0.11470197137452155,41.36428704124985,81.61760990199802,500.0
433.0,0.11412846151764894,59.163709609736145,81.08111003389358,500.0
434.0,0.1135578192100607,199.32340625803897,82.50973071256267,383.0
435.0,0.11299003011401039,83.47052186900069,80.79376832099756,500.0
436.0,0.11242507996344034,37.85953608611206,80.40202204401058,500.0
437.0,0.11186295456362313,238.724528743696,81.22465126356826,359.0
438.0,0.11130363979080501,57.98331409613727,80.33438667511116,500.0
439.0,0.11074712159185099,251.4458595020541,82.63270384413455,494.0
440.0,0.11019338598389174,67.0721042784477,83.49350388551176,500.0
441.0,0.10964241905397228,120.75934613755152,83.85966794527597,500.0
442.0,0.10909420695870241,88.09372673904245,83.80547708317772,500.0
443.0,0.1085487359239089,113.91907298121367,84.4322867563899,500.0
444.0,0.10800599224428936,233.65579108539612,86.35903603212033,373.0
445.0,0.10746596228306791,102.30703358752545,86.60998071152187,500.0
446.0,0.10692863247165257,95.8453010150028,86.86641328622596,500.0
447.0,0.1063939893092943,94.74476082947504,86.86979062223487,500.0
448.0,0.10586201936274783,111.29112788146256,87.00330156955684,500.0
449.0,0.10533270926593409,85.73137932345732,87.11227929528454,500.0
450.0,0.10480604571960442,42.9844179447006,86.72541390837861,500.0
451.0,0.1042820154910064,132.7245004223327,87.25378819531196,500.0
452.0,0.10376060541355137,60.77554652623784,86.88337194762018,500.0
453.0,0.1032418023864836,194.46932862278845,89.26841235665324,317.0
454.0,0.10272559337455119,76.9005762357821,88.63264296802035,500.0
455.0,0.10221196540767843,103.3928860723567,88.45364843773893,500.0
456.0,0.10170090558064004,183.31193911817536,89.93429603768473,366.0
457.0,0.10119240105273684,267.2039365629238,92.38038032442535,371.0
458.0,0.10068643904747315,147.80537134574095,92.87303456548244,500.0
459.0,0.10018300685223579,135.88948156997947,94.7131697648062,500.0
460.0,0.0996820918179746,281.69288682812794,97.86639491624639,496.0
461.0,0.09918368135888474,195.57081574701996,98.51913369625099,443.0
462.0,0.09868776295209031,157.74300906432683,99.38077847506845,500.0
463.0,0.09819432413732986,146.2844300909818,100.19274300665522,500.0
464.0,0.09770335251664321,177.62218545181483,102.03681879001415,333.0
465.0,0.09721483575406,54.205879603973194,101.9757043344364,500.0
466.0,0.09672876157528969,113.83089771550777,102.28152379362895,500.0
467.0,0.09624511776741324,87.93949452206726,102.56860326996322,500.0
468.0,0.09576389217857617,107.56598655934003,102.7590113917282,500.0
469.0,0.09528507271768329,142.98419094475614,104.04241923083435,500.0
470.0,0.09480864735409487,147.746801910951,105.32934952243485,500.0
471.0,0.0943346041173244,241.2482805150795,107.50481527743719,300.0
472.0,0.09386293109673778,253.61379543398465,108.95936089308805,450.0
473.0,0.09339361644125409,236.22736014761466,109.27777197133128,397.0
474.0,0.09292664835904782,102.89452135592303,109.50505696928302,500.0
475.0,0.09246201511725258,254.6769469326062,111.5803964396698,414.0
476.0,0.09199970504166631,257.85370499361323,113.39600234860754,296.0
477.0,0.09153970651645797,217.89719549054215,115.0180287608247,332.0
478.0,0.09108200798387568,225.44098189204607,116.25539935264918,417.0
479.0,0.0906265979439563,123.69727772739117,116.97219565842447,500.0
480.0,0.09017346495423652,295.70379621309206,119.03597272476767,291.0
481.0,0.08972259762946533,230.83782726697638,120.28026302262158,449.0
482.0,0.089273984641318,168.63308655515593,121.06814070423042,500.0
483.0,0.0888276147181114,238.15573025911226,121.17082018950663,336.0
484.0,0.08838347664452084,226.0145926819408,123.16955417416278,451.0
485.0,0.08794155926129824,148.08179555465009,124.27932876584931,500.0
486.0,0.08750185146499175,242.96659175604475,125.9991735935381,386.0
487.0,0.08706434220766679,223.6538156172747,127.24167023881616,329.0
488.0,0.08662902049662846,243.16567992904174,128.92410145459849,441.0
489.0,0.08619587539414532,216.62852028088892,130.48956248963609,447.0
490.0,0.08576489601717459,110.05900852531317,131.25873534927538,500.0
491.0,0.08533607153708872,230.57947046664353,132.47366050403716,328.0
492.0,0.08490939117940327,-95.24302055593287,130.7595250025633,140.0
493.0,0.08448484422350626,90.08599378251353,131.00727779791768,500.0
494.0,0.08406242000238873,242.4313247355758,132.85365046192913,494.0
495.0,0.08364210790237678,216.04476266631536,134.08152348483273,441.0
496.0,0.0832238973628649,225.02295761090767,135.3978166454689,485.0
497.0,0.08280777787605056,238.71608707954363,137.29869498559336,336.0
498.0,0.08239373898667031,148.57599174240178,137.764509930635,500.0
499.0,0.08198177029173696,158.1619248356788,137.94687530844618,500.0
500.0,0.08157186144027828,227.56104014809176,140.40896951145092,332.0
501.0,0.0811640021330769,253.76189846076977,142.77377416378388,347.0
502.0,0.08075818212241151,265.1267002083566,144.3665323044795,280.0
503.0,0.08035439121179945,239.98060122110866,145.90492915017333,422.0
504.0,0.07995261925574046,240.26812405054778,146.61512458848802,291.0
505.0,0.07955285615946175,263.597914621886,148.33485242397808,383.0
506.0,0.07915509187866444,258.6452993945077,150.06731455269409,483.0
507.0,0.07875931641927113,239.05155496936374,150.12884390194955,359.0
508.0,0.07836551983717477,263.51843955048406,151.67057663686302,305.0
509.0,0.07797369223798889,228.99220728405345,152.9101991361593,495.0
510.0,0.07758382377679894,108.58995208396824,152.62561014433663,500.0
511.0,0.07719590465791494,237.65645276373067,154.57323671770757,233.0
512.0,0.07680992513462537,49.24110930090096,154.81283825720783,500.0
513.0,0.07642587550895225,266.4917880527365,157.03122030938843,404.0
514.0,0.07604374613140748,148.259585621473,157.5225970998844,500.0
515.0,0.07566352740075044,180.0200028818862,158.67434290413917,366.0
516.0,0.07528520976374668,-48.104439804476385,157.3436846256126,291.0
517.0,0.07490878371492794,278.39523424943883,159.26655414364203,301.0
518.0,0.0745342397963533,259.8802539272284,160.9274719736537,394.0
519.0,0.07416156859737154,216.02473595598124,162.70241942633066,386.0
520.0,0.07379076075438468,273.4708062851251,164.59381181054755,312.0
521.0,0.07342180695061275,269.83106891217193,166.2322810858862,250.0
522.0,0.07305469791585968,279.8036703410976,166.82603607772322,385.0
523.0,0.07268942442628039,246.74196496471075,167.84807889950687,311.0
524.0,0.07232597730414898,274.059772540014,169.39601270623265,494.0
525.0,0.07196434741762824,125.38615273129982,170.16804225827326,500.0
526.0,0.0716045256805401,6.0940458554018715,168.86792687310492,500.0
527.0,0.0712465030521374,147.83633392562334,169.55240014226985,500.0
528.0,0.0708902705368767,232.03065306553555,170.51658537570745,303.0
529.0,0.07053581918419231,222.7259712239084,171.35854979110002,479.0
530.0,0.07018314008827135,293.7209690452015,173.44011802801234,351.0
531.0,0.06983222438783,223.9580457825547,175.25843281031106,435.0
532.0,0.06948306326589085,98.2386926005244,175.82717686590382,500.0
533.0,0.0691356479495614,110.92990494649783,176.3448388192714,500.0
534.0,0.06878996970981359,117.58537476217269,175.52745850431273,500.0
535.0,0.06844601986126451,225.7810871922074,176.95056415754482,406.0
536.0,0.06810378976195819,265.90897949763496,179.2310585916601,482.0
537.0,0.0677632708131484,233.5057636507887,179.178870940731,491.0
538.0,0.06742445445908266,295.6271442205091,181.55530924197473,438.0
539.0,0.06708733218678724,279.4572743117635,181.8354233900718,333.0
540.0,0.0667518955258533,113.20324123658875,182.2967347596532,500.0
541.0,0.06641813604822402,214.9480748828141,183.23862204710582,496.0
542.0,0.0660860453679829,245.99264980063086,184.8176112777217,366.0
543.0,0.06575561514114299,264.5729498303669,186.32415004621322,382.0
544.0,0.06542683706543727,146.95249272416515,185.45711706260093,500.0
545.0,0.06509970288011008,77.08557603021923,185.20490248702788,500.0
546.0,0.06477420436570952,241.59158541293138,186.66236533100712,402.0
547.0,0.06445033334388098,239.7280921322374,188.11219864403475,339.0
548.0,0.06412808167716157,276.3577784023847,189.762865149244,349.0
549.0,0.06380744126877576,140.53901301493588,190.31094148615878,500.0
550.0,0.06348840406243188,91.26973630974909,190.79379466980924,500.0
551.0,0.06317096204211972,110.20524243633152,190.56860208994922,500.0
552.0,0.06285510723190912,233.2133869516393,192.2929804942033,466.0
553.0,0.06254083169574957,186.81939546151796,192.21648116259058,424.0
554.0,0.062228127537270826,226.11945622862555,193.70866996251897,461.0
555.0,0.06191698689958447,257.27830575761084,195.24752415937152,363.0
556.0,0.061607401965086545,106.70016335109804,194.48140640170078,500.0
557.0,0.06129936495526111,218.74407644279003,193.99680780049945,413.0
558.0,0.0609928681304848,37.40516932136544,192.89280578025569,500.0
559.0,0.060687903789832374,118.28165307481613,192.71672749530404,500.0
560.0,0.06038446427088321,255.79967377234357,192.4577953647462,280.0
561.0,0.06008254194952879,86.27135924842463,191.36480079976027,500.0
562.0,0.05978212923978115,191.49268959152093,191.70229760503221,455.0
563.0,0.05948321859358224,252.71965916160613,192.7666498957384,329.0
564.0,0.05918580250061433,128.02971925132528,192.27072523373351,500.0
565.0,0.058889873488111255,271.70652416083817,194.44573167930216,332.0
566.0,0.058595424120670696,296.1689288150003,196.26911199029712,349.0
567.0,0.05830244700006734,230.01028714674607,197.68981991654388,259.0
568.0,0.058010934765067,235.2191944462368,198.96635199541288,224.0
569.0,0.05772088009124167,241.2082834753792,199.94859292071908,406.0
570.0,0.05743227569078546,252.50422047580048,200.99616710636758,432.0
