Episode,Epsilon,Reward,Mean_Reward,Time
0.0,1.0,-215.4149050055692,-215.4149050055692,77.0
1.0,0.995,-417.34313803987743,-316.3790215227233,136.0
2.0,0.990025,-239.8943457479242,-290.88412959779026,70.0
3.0,0.985074875,-204.10750007592011,-269.18997221732275,93.0
4.0,0.9801495006250001,-269.77636835637634,-269.30725144513343,91.0
5.0,0.9752487531218751,-120.07211287495079,-244.434728350103,67.0
6.0,0.9703725093562657,-318.0281830398054,-254.9480790200605,96.0
7.0,0.9655206468094844,-243.45124908476072,-253.510975278148,123.0
8.0,0.960693043575437,-132.05370155826196,-240.01572264260508,99.0
9.0,0.9558895783575597,-188.04172466660106,-234.8183228450047,99.0
10.0,0.9511101304657719,-27.008309959950708,-215.92650349181795,96.0
11.0,0.946354579813443,-246.90309633875648,-218.50788622906282,95.0
12.0,0.9416228069143757,-176.6121573742739,-215.2851378556175,127.0
13.0,0.9369146928798039,-99.55241163843705,-207.01851455439035,95.0
14.0,0.9322301194154049,-117.72501113544776,-201.06561432646086,91.0
15.0,0.9275689688183278,-218.8820057304002,-202.1791387892071,118.0
16.0,0.9229311239742362,-87.67133574971702,-195.44338566923707,56.0
17.0,0.918316468354365,-131.1568240017562,-191.8719100210437,97.0
18.0,0.9137248860125932,-93.83989107902613,-186.712330076727,93.0
19.0,0.9091562615825302,-350.21140380921497,-194.88728376335138,150.0
20.0,0.9046104802746175,-169.38435737453935,-193.6728586972175,78.0
21.0,0.9000874278732445,8.87854510984343,-184.46597670598746,82.0
22.0,0.8955869907338783,-80.4920936805909,-179.9453730961876,80.0
23.0,0.8911090557802088,-389.0509009464973,-188.65810342328382,121.0
24.0,0.8866535105013078,-101.67656300882524,-185.17884180670546,124.0
25.0,0.8822202429488013,-196.00897894648017,-185.59538554285064,89.0
26.0,0.8778091417340573,-275.02965632573455,-188.90776594221668,66.0
27.0,0.8734200960253871,-138.3417914842887,-187.10183828300498,130.0
28.0,0.8690529955452602,-201.8543371613593,-187.61054514087928,131.0
29.0,0.8647077305675338,-100.92483924232802,-184.72102161092755,101.0
30.0,0.8603841919146962,-96.7336721513453,-181.88272001545718,111.0
31.0,0.8560822709551227,-107.62481956209658,-179.56216062628968,105.0
32.0,0.851801859600347,-251.7280217072382,-181.74900490146996,108.0
33.0,0.8475428503023453,-54.009509580332455,-177.9919609214365,77.0
34.0,0.8433051360508336,-108.67573377303992,-176.01149728862515,93.0
35.0,0.8390886103705794,-96.32790896265132,-173.79806427957033,81.0
36.0,0.8348931673187264,-166.94459129211856,-173.61283527990946,106.0
37.0,0.8307187014821328,-242.4994941773148,-175.42564209299908,155.0
38.0,0.8265651079747222,-221.33390333256875,-176.6027769965778,103.0
39.0,0.8224322824348486,-94.4626950844023,-174.54927494877342,70.0
40.0,0.8183201210226743,-189.3921580288794,-174.9112964873126,75.0
41.0,0.8142285204175609,-144.12694648818126,-174.17833577304756,87.0
42.0,0.810157377815473,-312.4269835154163,-177.39342060426543,107.0
43.0,0.8061065909263957,-38.34564519861958,-174.23324389050075,139.0
44.0,0.8020760579717637,-117.78373947581629,-172.9788104590633,97.0
45.0,0.798065677681905,-190.0751176975942,-173.35046931207486,95.0
46.0,0.7940753492934954,-277.82825301596176,-175.5734008802427,130.0
47.0,0.7901049725470279,-143.5798237382453,-174.9068680231177,113.0
48.0,0.7861544476842928,-57.45158746481076,-172.50982148111146,93.0
49.0,0.7822236754458713,-343.84963198770214,-175.93661769124327,149.0
50.0,0.778312557068642,14.687267024436863,-172.19889446152402,106.0
51.0,0.7744209942832988,-284.9895167131966,-174.36794488944082,117.0
52.0,0.7705488893118823,-287.13045544433044,-176.4955394282123,77.0
53.0,0.7666961448653229,-103.73776255790986,-175.14817318987338,120.0
54.0,0.7628626641409962,-214.67797224688695,-175.86689680909183,135.0
55.0,0.7590483508202912,-107.62333860720264,-174.64826184120093,127.0
56.0,0.7552531090661897,125.79110603695541,-169.37739573807536,500.0
57.0,0.7514768435208588,-401.2403008286794,-173.375032032741,133.0
58.0,0.7477194593032545,-318.30866868825467,-175.83153434893612,118.0
59.0,0.7439808620067382,-35.80543861036861,-173.49776608662665,143.0
60.0,0.7402609576967045,-116.36450891747504,-172.5611553133619,104.0
61.0,0.736559652908221,-1.6033472257880845,-169.8037713119494,192.0
62.0,0.7328768546436799,-116.1719162995941,-168.952472026039,102.0
63.0,0.7292124703704616,-110.08619568120318,-168.03268645815095,106.0
64.0,0.7255664080186093,-85.63080770320164,-166.76496524653632,87.0
65.0,0.7219385759785162,-174.33270844604596,-166.87962802228645,172.0
66.0,0.7183288830986236,-100.85803345109846,-165.89423108838815,75.0
67.0,0.7147372386831305,-329.0723143840172,-168.2939087839121,152.0
68.0,0.7111635524897149,-163.3702132295145,-168.22255087732663,136.0
69.0,0.7076077347272662,-118.35758339620423,-167.51019419902488,107.0
70.0,0.7040696960536299,-194.10831737679518,-167.8848156522329,127.0
71.0,0.7005493475733617,-88.23492245354767,-166.77856713558452,171.0
72.0,0.697046600835495,-12.363746433799278,-164.66329561912173,107.0
73.0,0.6935613678313175,-130.76124368156826,-164.20515978212777,152.0
74.0,0.6900935609921609,-92.59727214973562,-163.2503879470292,78.0
75.0,0.6866430931872001,-21.81652573853762,-161.38941607586483,94.0
76.0,0.6832098777212641,-154.97441871878524,-161.30610442187677,125.0
77.0,0.6797938283326578,-64.39680398148649,-160.06367749315382,208.0
78.0,0.6763948591909945,-35.548930228099124,-158.487541451824,163.0
79.0,0.6730128848950395,-31.59890387905756,-156.90143348216444,111.0
80.0,0.6696478204705644,-191.80342324909878,-157.33232224471917,87.0
81.0,0.6662995813682115,-39.222702695802326,-155.891961030708,162.0
82.0,0.6629680834613705,-373.78931464637077,-158.51723035137863,123.0
83.0,0.6596532430440636,-147.58168079103285,-158.387045237565,174.0
84.0,0.6563549768288433,-114.41562743950072,-157.86973443994071,130.0
85.0,0.653073201944699,-339.39722334204066,-159.98051919461628,140.0
86.0,0.6498078359349755,-269.23671250816216,-161.23633750856507,142.0
87.0,0.6465587967553006,-70.85096850880713,-160.20923104265876,159.0
88.0,0.6433260027715241,-157.4100272551844,-160.1777793147096,130.0
89.0,0.6401093727576664,-99.51255236073862,-159.50372123744324,183.0
90.0,0.6369088258938781,-66.81087546792374,-158.4851185366793,164.0
91.0,0.6337242817644086,-128.30829614934487,-158.15710959768654,205.0
92.0,0.6305556603555866,-108.95105350589111,-157.6280122203554,137.0
93.0,0.6274028820538087,-209.78925500114303,-158.1829190584489,66.0
94.0,0.6242658676435396,-137.43661613231615,-157.96453692238435,145.0
95.0,0.6211445383053219,-195.00719465368292,-158.3503979404187,120.0
96.0,0.6180388156137953,-164.03344524384664,-158.4089860569489,137.0
97.0,0.6149486215357263,-48.805443914940525,-157.29058256570391,158.0
98.0,0.6118738784280476,-187.10983652720284,-157.5917871511736,206.0
99.0,0.6088145090359074,-162.0402999113997,-157.63627227877586,129.0
100.0,0.6057704364907278,-135.34600148765514,-156.8355832435967,169.0
101.0,0.6027415843082742,-198.19610015848352,-154.64411286478276,138.0
102.0,0.5997278763867329,-104.81424390571249,-153.29331184636064,139.0
103.0,0.5967292370047992,-102.24788442069725,-152.27471568980843,75.0
104.0,0.5937455908197752,-171.93702219330748,-151.29632222817773,189.0
105.0,0.5907768628656763,-150.21243425726368,-151.59772544200086,156.0
106.0,0.5878229785513479,-93.42579773304821,-149.3517015889333,151.0
107.0,0.5848838636585911,-101.27448535774253,-147.92993395166312,146.0
108.0,0.5819594443402982,-103.55095378668997,-147.64490647394737,170.0
109.0,0.5790496471185967,-93.69404700363212,-146.70142969731768,203.0
110.0,0.5761543988830038,-255.2517941086792,-148.98386453880497,117.0
111.0,0.5732736268885887,-126.86284089334804,-147.78346198435088,121.0
112.0,0.5704072587541458,-245.24249718283033,-148.46976538243644,216.0
113.0,0.567555222460375,-39.23586715986668,-147.86659993765073,194.0
114.0,0.5647174463480732,-180.72318699584355,-148.4965816962547,143.0
115.0,0.5618938591163328,-66.98484695826828,-146.97761010853338,96.0
116.0,0.5590843898207511,-97.8496576107531,-147.07939332714375,70.0
117.0,0.5562889678716474,-83.53736692511774,-146.6031987563774,327.0
118.0,0.5535075230322891,-106.427634990721,-146.72907619549434,185.0
119.0,0.5507399854171277,-95.13450887840393,-144.17830724618622,183.0
120.0,0.547986285490042,-99.61348334260096,-143.48059850586685,118.0
121.0,0.5452463540625918,-79.88683876150317,-144.3682523445803,171.0
122.0,0.5425201222922789,-71.99959802969725,-144.28332738807137,189.0
123.0,0.5398075216808175,-93.26877407399101,-141.32550611934627,184.0
124.0,0.5371084840724134,-295.0993235093148,-143.2597337243512,214.0
125.0,0.5344229416520513,-81.13263850504225,-142.1109703199368,126.0
126.0,0.531750826943791,-442.3750019419995,-143.78442377609946,220.0
127.0,0.5290920728090721,-81.11825173302186,-143.2121883785868,174.0
128.0,0.5264466124450268,-139.6452989638581,-142.59009799661177,129.0
129.0,0.5238143793828016,-104.98472595939532,-142.63069686378248,131.0
130.0,0.5211953074858876,-87.79351926521954,-142.54129533492122,265.0
131.0,0.5185893309484582,-108.12989321181912,-142.54634607141844,100.0
132.0,0.5159963842937159,-98.26969181486017,-141.01176277249465,100.0
133.0,0.5134164023722473,-118.51698461403166,-141.65683752283164,128.0
134.0,0.510849320360386,-96.37921916346825,-141.5338723767359,153.0
135.0,0.5082950737585841,-145.45607719102208,-142.02515405901963,143.0
136.0,0.5057535983897912,-113.99469524023601,-141.49565509850078,100.0
137.0,0.5032248303978422,70.37200852183871,-138.36694007150925,500.0
138.0,0.500708706245853,-135.2167175384261,-137.50576821356782,117.0
139.0,0.4982051627146237,-64.2656398222862,-137.20379766094666,125.0
140.0,0.49571413690105054,58.60722267485218,-134.72380385390932,168.0
141.0,0.4932355662165453,-218.7702056195286,-135.4702364452228,170.0
142.0,0.4907693883854626,-105.67730837269819,-133.40273969379564,175.0
143.0,0.4883155414435353,-101.98307768614525,-134.0391140186709,176.0
144.0,0.4858739637363176,-36.12935898720532,-133.2225702137848,124.0
145.0,0.483444593917636,-139.83637572771062,-132.72018279408599,239.0
146.0,0.4810273709480478,-97.12308509967615,-130.91313111492312,153.0
147.0,0.47862223409330756,-165.9547350381705,-131.13688022792235,314.0
148.0,0.47622912292284103,-86.75749525742951,-131.42993930584854,111.0
149.0,0.4738479773082268,-140.93771570682748,-129.4008201430398,155.0
150.0,0.47147873742168567,-108.13900462361494,-130.6290828595203,195.0
151.0,0.46912134373457726,-86.84440737706993,-128.64763176615904,223.0
152.0,0.46677573701590436,-29.51339907893174,-126.07146120250503,117.0
153.0,0.46444185833082485,-173.94868793636132,-126.77357045628956,151.0
154.0,0.46211964903917074,-68.78986633656942,-125.31468939718637,125.0
155.0,0.4598090507939749,-67.3360519271813,-124.91181653038616,200.0
156.0,0.457510005540005,-162.50937269962245,-127.79482131775195,270.0
157.0,0.45522245551230495,-101.00688274263584,-124.79248713689151,206.0
158.0,0.4529463432347434,-35.31766015374696,-121.96257705154645,238.0
159.0,0.4506816115185697,117.22639129565304,-120.43225875248625,500.0
160.0,0.4484282034609769,-180.60247864341798,-121.07463844974568,205.0
161.0,0.446186062443672,-244.7828537681273,-123.50643351516905,346.0
162.0,0.4439551321314536,-191.65449576406468,-124.26125930981375,148.0
163.0,0.4417353564707963,53.54592050021341,-122.62493814799959,183.0
164.0,0.43952667968844233,-81.75606734791315,-122.58619074444672,351.0
165.0,0.43732904629000013,106.27560893567352,-119.78010757062954,500.0
166.0,0.4351424010585501,-34.4503438421242,-119.11603067453976,319.0
167.0,0.43296668905325736,-132.4254871096387,-117.14956240179596,149.0
168.0,0.43080185560799106,-52.30832652571158,-116.03894353475796,258.0
169.0,0.4286478463299511,-81.75568615625983,-115.67292456235852,193.0
170.0,0.42650460709830135,-370.169465500846,-117.43353604359903,322.0
171.0,0.42437208406280985,-117.28472253121916,-117.72403404437577,192.0
172.0,0.4222502236424958,-236.73737812027073,-119.9677703612405,244.0
173.0,0.42013897252428334,74.3046607766666,-117.91711131665812,500.0
174.0,0.4180382776616619,-73.26900290151725,-117.72382862417594,191.0
175.0,0.4159480862733536,32.288240133487676,-117.18278096545568,177.0
176.0,0.41386834584198684,-271.06538869756366,-118.34369066524344,285.0
177.0,0.4117990041127769,-149.49378890136904,-119.19466051444228,451.0
178.0,0.40974000909221303,76.3221877967973,-118.0759493341933,500.0
179.0,0.40769130904675194,-125.71487359383775,-119.01710903134112,402.0
180.0,0.40565285250151817,83.82212954719165,-116.2608535033782,500.0
181.0,0.4036245882390106,-51.41503370803109,-116.38277681350051,250.0
182.0,0.4016064652978155,-70.99092484392919,-113.35479291547608,423.0
183.0,0.3995984329713264,107.94155812724883,-110.79956052629326,500.0
184.0,0.3976004408064698,-70.94485056644199,-110.36485275756267,256.0
185.0,0.39561243860243744,-47.913029125658696,-107.45001081539885,138.0
186.0,0.3936343764094253,-93.13373118737441,-105.68898100219097,209.0
187.0,0.39166620452737816,-41.32702163222021,-105.39374153342511,500.0
188.0,0.3897078735047413,-12.445447816050432,-103.94409573903377,335.0
189.0,0.3877593341372176,173.97346031666322,-101.20923561225975,500.0
190.0,0.3858205374665315,-88.08694025466974,-101.4219962601272,450.0
191.0,0.38389143477919885,-101.34618718257794,-101.15237517045955,332.0
192.0,0.3819719776053028,-65.78377346823515,-100.720702370083,326.0
193.0,0.3800621177172763,54.00668649192215,-98.08274295515236,500.0
194.0,0.37816180712868996,-82.81660749630228,-97.53654286879218,134.0
195.0,0.37627099809304654,-78.41012423399161,-96.37057216459527,311.0
196.0,0.3743896431025813,-44.31433317559481,-95.17338104391276,224.0
197.0,0.37251769488706843,3.5723753446056037,-94.6496028513173,138.0
198.0,0.3706551064126331,12.806300883103274,-92.65044147721424,500.0
199.0,0.36880183088056995,-45.997206619677584,-91.49001054429702,235.0
200.0,0.3669578217261671,-176.0007686145338,-91.89655821556582,321.0
201.0,0.36512303261753626,-35.36570804186436,-90.26825429439963,500.0
202.0,0.3632974174544486,88.29112858468203,-88.33720056949569,500.0
203.0,0.3614809303671764,-53.89339378684264,-87.85365566315716,254.0
204.0,0.3596735257153405,23.929358640473325,-85.89499185481932,500.0
205.0,0.3578751580867638,-270.31758300265585,-87.09604334227325,278.0
206.0,0.35608578229633,-55.34562942644112,-86.71524165920717,193.0
207.0,0.3543053533848483,-200.357884985994,-87.70607565548967,166.0
208.0,0.35253382661792404,132.23037497582612,-85.34826236786452,500.0
209.0,0.3507711574848344,117.18829871920347,-83.23943891063614,500.0
210.0,0.34901730169741024,-188.43070334081392,-82.57122800295751,311.0
211.0,0.3472722151889232,-157.60901585971027,-82.87868975262114,120.0
212.0,0.3455358541129786,-185.80656687799348,-82.28433044957275,392.0
213.0,0.3438081748424137,-20.852060767400317,-82.10049238564811,381.0
214.0,0.3420891339682016,-83.08632191863038,-81.12412373487597,468.0
215.0,0.3403786882983606,6.776334662043098,-80.38651191867285,204.0
216.0,0.3386767948568688,24.929628865637003,-79.15871905390895,500.0
217.0,0.33698341088258443,-29.750238577116633,-78.62084777042895,201.0
218.0,0.3352984938281715,106.43974753793533,-76.49217394514238,500.0
219.0,0.33362200135903064,127.43275224544372,-74.2665013339039,500.0
220.0,0.33195389135223546,51.82320234656302,-72.75213447701225,500.0
221.0,0.3302941218954743,78.56539827096728,-71.16761210668754,182.0
222.0,0.32864265128599696,102.31939131064127,-69.42442221328417,500.0
223.0,0.326999438029567,15.673377765542511,-68.33500069488883,500.0
224.0,0.3253644408394192,39.78053509770993,-64.98620210881859,201.0
225.0,0.3237376186352221,-176.1405109258212,-65.93628083302637,314.0
226.0,0.322118930542046,-39.77082260864202,-61.91023903969281,206.0
227.0,0.32050833588933575,-72.5709974749814,-61.82476649711241,251.0
228.0,0.31890579420988907,-72.22484695188074,-61.15056197699264,500.0
229.0,0.3173112652388396,100.24847928974684,-59.09822992450121,500.0
230.0,0.3157247089126454,-87.00410351388977,-59.09033576698792,500.0
231.0,0.3141460853680822,-91.43236985976135,-58.92336053346733,500.0
232.0,0.3125753549412418,-24.203563425123335,-58.18269924956996,350.0
233.0,0.31101247816653554,-9.024415813942241,-57.087773561569065,232.0
234.0,0.30945741577570285,118.06486253708036,-54.94333274456358,500.0
235.0,0.3079101286968243,40.42399769047509,-53.084531995748605,500.0
236.0,0.3063705780533402,-35.13306025400695,-52.29591564588631,361.0
237.0,0.30483872516307353,3.3417126673616737,-52.96621860443108,500.0
238.0,0.3033145315372582,2.3564849107287387,-51.59048657993954,188.0
239.0,0.3017979588795719,-103.71301251395292,-51.9849603068562,500.0
240.0,0.30028896908517405,-14.113352710977836,-52.71216606071451,181.0
241.0,0.2987875242397482,-250.16749111374,-53.02613891565662,481.0
242.0,0.29729358661854943,-14.277540017767834,-52.11214123210733,500.0
243.0,0.29580711868545667,93.54609073920554,-50.15684954785382,500.0
244.0,0.2943280830920294,-40.423711686837606,-50.19979307485014,500.0
245.0,0.29285644267656924,-70.79732772940274,-49.50940259486707,500.0
246.0,0.2913921604631864,-53.33156761764405,-49.07148742004675,500.0
247.0,0.28993519966087045,32.917554242297406,-47.08276452724206,500.0
248.0,0.2884855236625661,-52.919127418745134,-46.744380848855215,500.0
249.0,0.28704309604425327,-19.66228638513826,-45.531626555638326,220.0
250.0,0.285607880564032,110.95694680106841,-43.34066704139148,500.0
251.0,0.28417984116121187,-30.484982532533113,-42.77707279294611,500.0
252.0,0.2827589419554058,122.89417985601987,-41.25299700359659,500.0
253.0,0.28134514724562876,-67.801381067418,-40.191523934907174,500.0
254.0,0.2799384215094006,56.297272051254424,-38.94065255102893,500.0
255.0,0.27853872940185365,134.69423246144777,-36.920349707142634,500.0
256.0,0.27714603575484437,-28.338754389322872,-35.57864352403964,353.0
257.0,0.2757603055760701,5.70100718755237,-34.51156462473776,500.0
258.0,0.2743815040481898,-41.4091038853462,-34.57247906205375,228.0
259.0,0.2730095965279488,6.244154573747067,-35.68230142927281,500.0
260.0,0.27164454854530906,-16.66787806972061,-34.042955423535844,500.0
261.0,0.2702863258025825,-2.7211792241316806,-31.62233867809589,500.0
262.0,0.2689348941735696,-15.204346965051325,-29.857837190105755,500.0
263.0,0.26759021970270175,-35.47035559058441,-30.747999951013735,500.0
264.0,0.2662522686041882,-0.8329737674134199,-29.93876901520874,500.0
265.0,0.2649210072611673,-15.783936486468157,-31.159364469430148,500.0
266.0,0.26359640222486147,-142.16794593990676,-32.236540490407975,218.0
267.0,0.26227842021373715,62.68201893355505,-30.28546542997604,500.0
268.0,0.2609670281126685,-14.046665119414302,-29.90284881591307,500.0
269.0,0.25966219297210513,-12.368134027820963,-29.208973294628674,500.0
270.0,0.2583638820072446,-14.73119202129671,-25.654590559833185,500.0
271.0,0.2570720625972084,-33.80629810370775,-24.819806315558072,500.0
272.0,0.25578670228422234,58.193612248824394,-21.870496411867116,500.0
273.0,0.25450776877280124,-50.025863148582054,-23.113801651119605,500.0
274.0,0.2532352299289372,-53.134797884888606,-22.91245960095332,500.0
275.0,0.2519690537792925,-51.826918805655815,-23.75361119034475,500.0
276.0,0.2507092085103961,9.23328201362665,-20.95062448323285,500.0
277.0,0.2494556624678441,1.6294706075935987,-19.439391888143223,500.0
278.0,0.24820838415550486,-28.353901626694423,-20.48615278237814,214.0
279.0,0.24696734223472733,149.67633971307748,-17.732240649308988,500.0
280.0,0.2457325055235537,-47.28339732029781,-19.043295917983883,500.0
281.0,0.24450384299593592,134.7650003726592,-17.18149557717698,500.0
282.0,0.24328132378095624,-11.657281685851343,-16.5881591455962,500.0
283.0,0.24206491716205145,-27.804053890244706,-17.94561526577114,500.0
284.0,0.2408545925762412,128.4672164691814,-15.951494595414902,500.0
285.0,0.23965031961336,-24.74480543728459,-15.719812358531163,500.0
286.0,0.2384520680152932,-46.665544828612326,-15.25513049494354,500.0
287.0,0.23725980767521673,-6.727340395273706,-14.90913368257408,500.0
288.0,0.23607350863684065,63.46091408655542,-14.15007006354802,500.0
289.0,0.23489314109365644,90.59859657285283,-14.983818700986124,500.0
290.0,0.23371867538818816,1.7015890354815877,-14.085933408084609,500.0
291.0,0.23255008201124722,-22.16334160178205,-13.29410495227665,500.0
292.0,0.231387331601191,-14.258597739091009,-12.778853194985208,500.0
293.0,0.23023039494318503,-25.192502322828418,-13.570845083132715,500.0
294.0,0.2290792429684691,-20.710618377773347,-12.949785191947425,500.0
295.0,0.22793384675362674,-10.689998010697026,-12.27258392971448,500.0
296.0,0.22679417751985861,46.31030112296628,-11.366337586728868,500.0
297.0,0.22566020663225933,11.721342518275414,-11.28484791499217,500.0
298.0,0.22453190559909803,-12.18901836796518,-11.534801107502858,500.0
299.0,0.22340924607110255,13.742961727900978,-10.937399424027069,500.0
300.0,0.22229219984074702,37.14258270130479,-8.805965910868684,500.0
301.0,0.2211807388415433,56.44633338362094,-7.8878454966138305,500.0
302.0,0.22007483514733558,-21.96217981247066,-8.990378580585357,500.0
303.0,0.2189744609715989,5.760101126819969,-8.39384363144873,500.0
304.0,0.2178795886667409,-4.372840535431291,-8.676865623207776,500.0
305.0,0.2167901907234072,-149.9817497501496,-7.473507290682713,159.0
306.0,0.21570623976979014,-65.13441481674651,-7.571395144585766,500.0
307.0,0.21462770857094118,19.778088450887125,-5.370035410216957,500.0
308.0,0.21355457002808648,-32.76098101703472,-7.019948970145565,500.0
309.0,0.21248679717794605,9.425330722546025,-8.097578650112139,500.0
310.0,0.21142436319205632,-22.526285241498744,-6.438534469118988,500.0
311.0,0.21036724137609603,4.592533297903177,-4.816518977542854,500.0
312.0,0.20931540516921554,-10.414090753297353,-3.0625942162958926,500.0
313.0,0.20826882814336947,88.15093219638156,-1.9725642866580744,500.0
314.0,0.20722748400265262,-114.56593880743594,-2.287360455546131,277.0
315.0,0.20619134658263935,-47.23549601895393,-2.8274787623561015,500.0
316.0,0.20516038984972615,8.97552841684823,-2.9870197668439884,500.0
317.0,0.2041345879004775,173.76859367847413,-0.9518314442880808,500.0
318.0,0.2031139149609751,-50.90993755115373,-2.5253282951789715,500.0
319.0,0.20209834538617025,7.1768639868942685,-3.7278871777644644,500.0
320.0,0.2010878536592394,8.194068584018265,-4.164178515389912,500.0
321.0,0.2000824143909432,12.657127629288926,-4.823261221806696,500.0
322.0,0.19908200231898848,29.836442248848257,-5.548090712424625,500.0
323.0,0.19808659230739353,10.851610590709646,-5.596308384172954,500.0
324.0,0.19709615934585656,0.9085427627679941,-5.985028307522373,500.0
325.0,0.19611067854912728,22.08281442824478,-4.002795053981715,500.0
326.0,0.19513012515638165,-34.48778739327533,-3.9499647018280477,500.0
327.0,0.19415447453059972,-60.66565097379592,-3.8309112368161924,500.0
328.0,0.19318370215794672,12.114540753265153,-2.987517359764734,500.0
329.0,0.192217783647157,-35.236219356107135,-4.342364346223274,500.0
330.0,0.1912566947289212,4.082533301032087,-3.431497978074056,500.0
331.0,0.1903004112552766,6.5902186942052134,-2.45127209253439,500.0
332.0,0.18934890919900021,-24.379958598085278,-2.453036044264009,500.0
333.0,0.18840216465300522,-29.096586488933433,-2.653757751013921,500.0
334.0,0.18746015382974018,-32.43369052140432,-4.158743281598769,500.0
335.0,0.1865228530605915,-21.263922449477555,-4.775622482998296,500.0
336.0,0.18559023879528855,-41.34746625307432,-4.837766542988969,500.0
337.0,0.1846622876013121,-53.01407292975074,-5.401324398960092,235.0
338.0,0.18373897616330553,-47.16051811702226,-5.896494429237602,500.0
339.0,0.182820281282489,-37.92318006004957,-5.238596104698569,500.0
340.0,0.18190617987607657,24.154322805690295,-4.855919349531887,500.0
341.0,0.18099664897669618,4.898429240607445,-2.3052601459884134,500.0
342.0,0.1800916657318127,0.04202456426380108,-2.1620645001680967,500.0
343.0,0.17919120740315364,-31.204325377093642,-3.4095686613310887,500.0
344.0,0.17829525136613786,27.56129590357669,-2.729718585426946,500.0
345.0,0.17740377510930716,-11.1876709162792,-2.13362201729571,500.0
346.0,0.17651675623376062,-28.459648936604246,-1.8849028304853124,500.0
347.0,0.1756341724525918,-33.94328853239793,-2.553511258232265,500.0
348.0,0.17475600159032884,-66.12805846875166,-2.6856005687323306,500.0
349.0,0.17388222158237718,-56.82448960379695,-3.057222600918917,500.0
350.0,0.1730128104744653,-3.036240750524036,-4.197154476434842,500.0
351.0,0.17214774642209296,-3.7116611660429957,-3.9294212627699414,500.0
352.0,0.1712870076899825,-55.40290212443223,-5.7123920825744605,500.0
353.0,0.17043057265153258,-43.31377267997194,-5.4675159987000015,500.0
354.0,0.16957841978827493,-6.192316972579842,-6.092411888938345,500.0
355.0,0.16873052768933355,24.941148030488673,-7.189942733247936,500.0
356.0,0.1678868750508869,-48.219973788056535,-7.388754927235272,500.0
357.0,0.16704744067563246,-6.182962800967455,-7.507594627120471,500.0
358.0,0.1662122034722543,-6.396353650089224,-7.1574671247679,500.0
359.0,0.16538114245489302,-3.0079715297027843,-7.249988385802397,500.0
360.0,0.16455423674261854,9.053130141695812,-6.992778303688234,500.0
361.0,0.16373146555890544,-12.689643210894275,-7.0924629435558595,500.0
362.0,0.16291280823111093,16.059742697341004,-6.779822046931937,500.0
363.0,0.16209824418995536,81.56867879443287,-5.609431703081764,500.0
364.0,0.16128775296900558,0.887156462209344,-5.592230400785536,500.0
365.0,0.16048131420416054,31.890152458314702,-5.1154895113377075,500.0
366.0,0.15967890763313974,-33.9787081179971,-4.033597133118611,500.0
367.0,0.15888051309497406,51.381866872243975,-4.146598653731721,500.0
368.0,0.1580861105294992,32.88298300488564,-3.6773021724887225,500.0
369.0,0.1572956799768517,-40.474057816177236,-3.9583614103722846,500.0
370.0,0.15650920157696743,-46.91409251060472,-4.280190415265365,500.0
371.0,0.1557266555690826,34.45768281724116,-3.597550606055876,500.0
372.0,0.1549480222912372,63.75236282158015,-3.5419631003283185,500.0
373.0,0.15417328217978102,27.155907370426963,-2.7701453951382278,500.0
374.0,0.1534024157688821,-13.037245392053576,-2.3691698702098782,500.0
375.0,0.1526354036900377,5.542893663529257,-1.7954717455180276,500.0
376.0,0.1518722266715875,75.4059954664404,-1.13374461098989,500.0
377.0,0.15111286553822956,-14.232045350790578,-1.2923597705737315,500.0
378.0,0.15035730121053842,-122.3110949916268,-2.2319317042230558,410.0
379.0,0.14960551470448571,56.51789997670891,-3.163516101586741,500.0
380.0,0.14885748713096328,37.74890030641866,-2.313193125319576,500.0
381.0,0.14811319969530845,13.702368350872415,-3.5238194455374448,500.0
382.0,0.1473726336968319,15.031424600307583,-3.256932382675855,500.0
383.0,0.14663577052834775,4.041995829688751,-2.9384718854765204,500.0
384.0,0.14590259167570602,11.341036967210687,-4.109733680496228,500.0
385.0,0.1451730787173275,9.122952344014164,-3.77105610268324,500.0
386.0,0.14444721332374086,69.275742600043,-2.611643228396687,500.0
387.0,0.14372497725712216,-53.22597603908415,-3.0766295848347904,500.0
388.0,0.14300635237083656,-60.54606933229258,-4.316699419023271,500.0
389.0,0.14229132060898236,30.267710364376452,-4.920008281108036,500.0
390.0,0.14157986400593744,5.810535296692753,-4.878918818495926,500.0
391.0,0.14087196468590776,30.49739122708567,-4.352311490207246,500.0
392.0,0.14016760486247823,-18.75378603747404,-4.397263373191077,500.0
393.0,0.13946676683816583,49.645392276575905,-3.6488844271970344,500.0
394.0,0.138769433003975,54.92442187026003,-2.8925340247167,500.0
395.0,0.13807558583895513,48.505404832826414,-2.3005799962814653,500.0
396.0,0.13738520790976036,125.08452305786629,-1.5128377769324652,500.0
397.0,0.13669828187021155,73.16358328050745,-0.8984153693101455,500.0
398.0,0.13601479046086049,29.655509596106157,-0.47997008966943183,500.0
399.0,0.1353347165085562,-52.232837095942536,-1.1397280779078665,500.0
400.0,0.1346580429260134,89.03261269897686,-0.6208277779311459,500.0
401.0,0.13398475271138335,-24.691376000994975,-1.4322048717773046,500.0
402.0,0.13331482894782642,5.688555650778664,-1.1556975171448116,500.0
403.0,0.13264825480308728,-30.349268967186067,-1.5167912180848722,500.0
404.0,0.13198501352907185,-21.699626663884857,-1.6900590793694077,500.0
405.0,0.1313250884614265,10.755110167465183,-0.08269048019325961,500.0
406.0,0.13066846301911936,-20.465798650344055,0.36399568147076555,500.0
407.0,0.13001512070402377,51.040431211863755,0.6766191090805314,500.0
408.0,0.12936504510050365,30.41066468038938,1.3083355660547726,500.0
409.0,0.12871821987500112,-21.03930068503988,1.0036892519789131,500.0
410.0,0.12807462877562611,46.545281467084806,1.694404919064749,500.0
411.0,0.12743425563174798,-3.774561166736228,1.6107339744183549,500.0
412.0,0.12679708435358925,-17.586957328653394,1.5390053086647948,500.0
413.0,0.1261630989318213,34.3197839532732,1.0006938262337108,500.0
414.0,0.1255322834371622,46.208938907680796,2.6084426033848787,500.0
415.0,0.12490462201997637,143.9711315414019,4.520508878988437,500.0
416.0,0.1242800989098765,82.65062108113314,5.257259805631287,500.0
417.0,0.12365869841532712,-33.95201694147499,3.1800536994317947,500.0
418.0,0.12304040492325048,34.100944552192516,4.0301625204652565,500.0
419.0,0.12242520289863423,-12.510278732838842,3.8332910932679254,500.0
420.0,0.12181307688414106,12.693515757926633,3.87828556500701,500.0
421.0,0.12120401149972035,2.3101964482958484,3.774816253197079,500.0
422.0,0.12059799144222175,40.37986939450626,3.880250524653659,500.0
423.0,0.11999500148501063,88.35840740888374,4.6553184928354,500.0
424.0,0.11939502647758558,18.55772660740577,4.831810331281778,500.0
425.0,0.11879805134519765,8.675911047933749,4.697741297478667,500.0
426.0,0.11820406108847166,-36.19281568682744,4.680691014543147,500.0
427.0,0.1176130407830293,51.860042810419294,5.8059479523852975,500.0
428.0,0.11702497557911415,97.86325351500795,6.663435080002724,500.0
429.0,0.11643985070121858,13.583879472908047,7.151636068292877,500.0
430.0,0.11585765144771248,120.4878563946651,8.315689299229208,500.0
431.0,0.11527836319047392,7.200925501306678,8.321796367300221,500.0
432.0,0.11470197137452155,227.52351886627497,10.840831141943825,493.0
433.0,0.11412846151764894,-23.364809479597174,10.898148912037188,500.0
434.0,0.1135578192100607,54.908655040217354,11.771572367653402,500.0
435.0,0.11299003011401039,-24.530021931675016,11.738911372831428,500.0
436.0,0.11242507996344034,-1.6310494546652787,12.13607554081552,500.0
437.0,0.11186295456362313,-24.373213622411452,12.422484133888913,500.0
438.0,0.11130363979080501,16.142732944722997,13.055516644506367,500.0
439.0,0.11074712159185099,-100.95566469118177,12.425191798195044,131.0
440.0,0.11019338598389174,10.24720594789654,12.286120629617109,500.0
441.0,0.10964241905397228,-21.53784670190094,12.021757870192026,500.0
442.0,0.10909420695870241,39.39292244341711,12.415266848983558,500.0
443.0,0.1085487359239089,-34.32863290320076,12.384023773722486,500.0
444.0,0.10800599224428936,5.965801888442684,12.168068833571144,500.0
445.0,0.10746596228306791,51.027820917853504,12.79022375191247,500.0
446.0,0.10692863247165257,44.41772076104556,13.51899744888897,500.0
447.0,0.1063939893092943,15.333848678191758,14.011768820994867,500.0
448.0,0.10586201936274783,32.42098283497687,14.997259234032152,500.0
449.0,0.10533270926593409,-81.2991305784918,14.752512824285201,182.0
450.0,0.10480604571960442,5.21858426551978,14.835061074445644,500.0
451.0,0.1042820154910064,-22.029700876210264,14.651880677343968,500.0
452.0,0.10376060541355137,-1.1277800411061314,15.194631898177228,500.0
453.0,0.1032418023864836,-21.63074172790436,15.411462207697905,500.0
454.0,0.10272559337455119,-37.95832791426389,15.093802098281065,500.0
455.0,0.10221196540767843,14.037932954445317,14.98476994752063,500.0
456.0,0.10170090558064004,28.713838838963333,15.75410807379083,500.0
457.0,0.10119240105273684,-34.656306394162165,15.469374637858882,500.0
458.0,0.10068643904747315,4.330890173284254,15.576647076092618,500.0
459.0,0.10018300685223579,35.793181040379764,15.964658601793442,500.0
460.0,0.0996820918179746,16.33454679389954,16.037472768315478,500.0
461.0,0.09918368135888474,-1.5472602160678905,16.148896598263743,500.0
462.0,0.09868776295209031,-73.97482058664363,15.248550965423899,244.0
463.0,0.09819432413732986,-9.512552585803343,14.337738651621535,500.0
464.0,0.09770335251664321,105.14815687288285,15.380348655728271,500.0
465.0,0.09721483575406,18.681127686259746,15.248258408007722,500.0
466.0,0.09672876157528969,22.217881609381095,15.810224305281501,500.0
467.0,0.09624511776741324,-84.97595890971265,14.446646047461936,174.0
468.0,0.09576389217857617,-95.67284329085491,13.161087784504529,203.0
469.0,0.09528507271768329,-41.182800308104255,13.154000359585261,500.0
470.0,0.09480864735409487,68.52360078343385,14.308377292525646,500.0
471.0,0.0943346041173244,-15.458110519770996,13.809219359155527,500.0
472.0,0.09386293109673778,17.73875370080385,13.349083267947762,500.0
473.0,0.09339361644125409,-104.9484958607741,12.028039235635754,144.0
474.0,0.09292664835904782,-14.855488782930756,12.009856801726983,500.0
475.0,0.09246201511725258,53.472311955401196,12.489150984645702,500.0
476.0,0.09199970504166631,-9.870526475014398,11.636385765231152,500.0
477.0,0.09153970651645797,20.840521343753213,11.987111432176588,500.0
478.0,0.09108200798387568,1.1224120364309458,13.221446502457166,500.0
479.0,0.0906265979439563,-22.208530885086212,12.434182193839215,500.0
480.0,0.09017346495423652,34.09367681074878,12.397629958882517,500.0
481.0,0.08972259762946533,1.237185749479054,12.272978132868582,500.0
482.0,0.089273984641318,109.68104799253516,13.219474366790859,500.0
483.0,0.0888276147181114,-3.5487280724219925,13.143567127769755,500.0
484.0,0.08838347664452084,-17.042246201288798,12.859734296084758,500.0
485.0,0.08794155926129824,-113.53778862975871,11.633126886347029,380.0
486.0,0.08750185146499175,-23.594884202281897,10.704420618323777,500.0
487.0,0.08706434220766679,-24.957799196919865,10.987102386745422,500.0
488.0,0.08662902049662846,26.612785790581583,11.858690937974162,500.0
489.0,0.08619587539414532,62.110194127275406,12.177115775603152,500.0
490.0,0.08576489601717459,62.021923966124916,12.739229662297474,500.0
491.0,0.08533607153708872,46.79711096159531,12.902226859642571,500.0
492.0,0.08490939117940327,5.595170093638668,13.145716420953699,500.0
493.0,0.08448484422350626,-12.809254652153088,12.521169951666407,500.0
494.0,0.08406242000238873,57.538655041061844,12.547312283374426,500.0
495.0,0.08364210790237678,-3.0339413740604293,12.031918821305558,500.0
496.0,0.0832238973628649,-13.537832466839504,10.6456952660585,500.0
497.0,0.08280777787605056,8.941357204969345,10.003473005303118,500.0
498.0,0.08239373898667031,-7.2144787766135074,9.634773121575922,500.0
499.0,0.08198177029173696,8.515420507503201,10.24225569761038,500.0
500.0,0.08157186144027828,-66.9333781338878,8.682595789281734,176.0
501.0,0.0811640021330769,-358.230864891393,5.347200900377754,419.0
502.0,0.08075818212241151,13.304226799813154,5.4233576118680995,500.0
503.0,0.08035439121179945,20.269680288645382,5.929547104426414,500.0
504.0,0.07995261925574046,7.310358667676879,6.21964695774203,500.0
505.0,0.07955285615946175,-25.127039706185638,5.860825459005522,500.0
506.0,0.07915509187866444,-60.74261709061839,5.458057274602778,500.0
507.0,0.07875931641927113,16.003258010828837,5.107685542592427,500.0
508.0,0.07836551983717477,43.99509509506904,5.243529846739224,500.0
509.0,0.07797369223798889,-92.57046677180556,4.528218185871568,122.0
510.0,0.07758382377679894,-13.961016579339834,3.9231552054073204,500.0
511.0,0.07719590465791494,0.011808094838906324,3.9610188980230716,500.0
512.0,0.07680992513462537,-1.4216722160068571,4.122671749149537,500.0
513.0,0.07642587550895225,-10.07185194834269,3.678755390133379,500.0
514.0,0.07604374613140748,4.669357234129599,3.2633595733978678,500.0
515.0,0.07566352740075044,-10.048688186039085,1.7231613761234583,500.0
516.0,0.07528520976374668,-20.012738715750405,0.6965277781546227,500.0
517.0,0.07490878371492794,13.489189237966576,1.1709398399490378,500.0
518.0,0.0745342397963533,91.037641649,1.7403068109171136,500.0
519.0,0.07416156859737154,51.26119877676631,2.378021586013164,500.0
520.0,0.07379076075438468,269.5689370910067,4.946775799343965,458.0
521.0,0.07342180695061275,-3.623865881210939,4.887435176048897,500.0
522.0,0.07305469791585968,39.19307823090507,4.8755672644128865,500.0
523.0,0.07268942442628039,16.25738706661125,4.154557060990161,500.0
524.0,0.07232597730414898,41.39738972875773,4.382953692203682,500.0
525.0,0.07196434741762824,98.37079172380786,5.279902498962421,500.0
526.0,0.0716045256805401,125.87008155807723,6.900531471411468,500.0
527.0,0.0712465030521374,73.55869054896434,7.117517948796919,500.0
528.0,0.0708902705368767,16.481529789618794,6.303700711543027,500.0
529.0,0.07053581918419231,61.700090795380454,6.784862824767751,500.0
530.0,0.07018314008827135,14.131782702614403,5.721302087847244,500.0
531.0,0.06983222438783,57.89128802355399,6.228205713069716,500.0
532.0,0.06948306326589085,30.217407229093507,4.255144596697902,500.0
533.0,0.0691356479495614,8.674754012844964,4.575540231622325,500.0
534.0,0.06878996970981359,3.2171159955834927,4.058624841175985,500.0
535.0,0.06844601986126451,44.621063012164726,4.750135690614383,500.0
536.0,0.06810378976195819,11.85569414145836,4.885003126575619,500.0
537.0,0.0677632708131484,-20.124341208700372,4.927491850712729,500.0
538.0,0.06742445445908266,47.45627947387271,5.240627316004227,500.0
539.0,0.06708733218678724,-5.640586008419895,6.193778102831845,500.0
540.0,0.0667518955258533,33.81416561138087,6.42944769946669,500.0
541.0,0.06641813604822402,-34.166690916927436,6.303159257316424,500.0
542.0,0.0660860453679829,-13.688481777115674,5.772345215111095,500.0
543.0,0.06575561514114299,30.642365185617678,6.422055195999278,500.0
544.0,0.06542683706543727,50.131556283748985,6.8637127399523425,500.0
545.0,0.06509970288011008,-1.1926891275685423,6.341507639498124,500.0
546.0,0.06477420436570952,-8.566273980393952,5.811667692083728,500.0
547.0,0.06445033334388098,64.52683920636439,6.303597597365455,500.0
548.0,0.06412808167716157,38.90662869669458,6.368454055982633,500.0
549.0,0.06380744126877576,78.59251783340414,7.967370540101591,500.0
550.0,0.06348840406243188,25.70719331494095,8.172256630595802,500.0
551.0,0.06317096204211972,78.35944035059977,9.176148042863904,500.0
552.0,0.06285510723190912,57.84589273396628,9.765884770614628,500.0
553.0,0.06254083169574957,115.34343262294948,11.135626514123164,500.0
554.0,0.062228127537270826,80.90204076472412,12.324230200913048,500.0
555.0,0.06191698689958447,11.015804541761309,12.294008916786204,500.0
556.0,0.061607401965086545,75.2653597783446,12.75952412618002,500.0
557.0,0.06129936495526111,106.3601448027744,14.169688638149385,500.0
558.0,0.0609928681304848,-2.2681159488973774,14.103698576927568,500.0
559.0,0.060687903789832374,-8.76183947060753,13.658148371817697,500.0
560.0,0.06038446427088321,79.03258148826646,14.285128718761364,500.0
561.0,0.06008254194952879,34.02381255640397,14.640839446486082,500.0
562.0,0.05978212923978115,19.650935508381483,15.577097007436333,500.0
563.0,0.05948321859358224,-6.385660341694425,15.608365929877422,500.0
564.0,0.05918580250061433,23.610013265784044,14.792984493806435,500.0
565.0,0.058889873488111255,-7.416447091827375,14.532008746025562,500.0
566.0,0.058595424120670696,18.77690213822788,14.49759895131403,500.0
567.0,0.05830244700006734,17.424329367374987,15.521601834084906,500.0
568.0,0.058010934765067,8.061164525917292,16.558941912252628,500.0
569.0,0.05772088009124167,19.315431401200293,17.163924229345675,500.0
570.0,0.05743227569078546,116.97579370356686,17.648446158547006,500.0
571.0,0.05714511431233153,-16.78555827742552,17.635171680970462,500.0
572.0,0.05685938874076987,-1.3949323330068948,17.443834820632357,500.0
573.0,0.056575091797066025,31.917601171259747,18.812495790952692,500.0
574.0,0.056292216338080694,10.387521696208253,19.064925895744082,500.0
575.0,0.05601075525639029,55.26693424186706,19.08287211860874,500.0
576.0,0.05573070148010834,15.32151270834655,19.33479251044235,500.0
577.0,0.0554520479727078,-85.81944366923229,18.268192860312496,167.0
578.0,0.05517478773284426,31.983061803392612,18.57679935798211,500.0
579.0,0.05489891379418004,-30.15233948746148,18.497361271958354,500.0
580.0,0.05462441922520914,-20.74273231439736,17.948997180706893,500.0
581.0,0.0543512971290831,34.79508378002387,18.284576161012343,500.0
582.0,0.05407954064343768,15.552687691375176,17.34329255800074,500.0
583.0,0.05380914294022049,21.527662059570815,17.59405645932067,500.0
584.0,0.05354009722551939,14.65346629506503,17.91101358428421,500.0
585.0,0.05327239673939179,36.2099721895318,19.408491192477115,500.0
586.0,0.053006034755694834,68.82356144720616,20.332675648971996,500.0
587.0,0.052741004581916356,31.93269087578131,20.901580549699005,500.0
588.0,0.052477299559006776,22.062470553526982,20.85607739732846,500.0
589.0,0.052214913061211746,246.06147944805727,22.69559025053628,494.0
590.0,0.05195383849590569,92.59451562283304,23.001316167103365,500.0
591.0,0.05169406930342616,3.3385631965930633,22.566730689453337,500.0
592.0,0.05143559895690903,62.22049000068577,23.13298388852381,500.0
593.0,0.051178420962124486,25.813901683498717,23.51921545188033,500.0
594.0,0.05092252885731386,50.84156793719015,23.452244580841615,500.0
595.0,0.05066791621302729,56.40919926623053,24.046675987244527,500.0
596.0,0.05041457663196215,19.833976422782207,24.380394076140742,500.0
597.0,0.050162503748802344,49.15526922643435,24.782533196355395,500.0
598.0,0.049911691230058335,23.79285502099253,25.092606534331452,500.0
599.0,0.04966213277390804,104.04724318707534,26.04792476112717,500.0
600.0,0.0494138221100385,-0.14597587265926948,26.715798783739455,500.0
601.0,0.04916675299948831,127.36442762830534,31.57175170893644,500.0
602.0,0.04892091923449087,9.835611312953715,31.537065554067844,500.0
603.0,0.04867631463831842,91.10938737466763,32.245462624928074,500.0
604.0,0.048432933065126825,-11.30977323200177,32.05926130593128,500.0
605.0,0.048190768399801194,-10.066673972148639,32.209864963271656,500.0
606.0,0.04794981455780219,8.564052472116042,32.902931658899,500.0
607.0,0.04771006548501318,27.85626020816711,33.02146168087238,500.0
608.0,0.047471515157588115,12.303064397044071,32.70454137389213,500.0
609.0,0.047234157581800176,65.95896735678659,34.28983571517806,500.0
610.0,0.046997986793891174,-11.044815440141026,34.31899772657004,500.0
611.0,0.04676299685992172,58.688380474288905,34.90576345036454,500.0
612.0,0.04652918187562211,14.028487786308732,35.0602650503877,500.0
613.0,0.046296535966244,46.08067335276472,35.62179030339877,500.0
614.0,0.046065053286412784,19.400604810973608,35.76910277916721,500.0
615.0,0.04583472801998072,73.7674283198114,36.607263944225714,500.0
616.0,0.045605554379880814,45.284312525161276,37.260234456634834,500.0
617.0,0.04537752660798141,16.004957229924155,37.28539213655441,500.0
618.0,0.0451506389749415,83.01588604518754,37.20517458051628,500.0
619.0,0.044924885780066794,0.14335839510572335,36.69399617669968,500.0
620.0,0.04470026135116646,51.47981297293615,34.51310493551897,500.0
621.0,0.04447676004441063,48.65509247192305,35.03589451905031,500.0
622.0,0.04425437624418858,0.7538487486421308,34.651502224227684,500.0
623.0,0.04403310436296763,22.527772837074693,34.71420608193232,500.0
624.0,0.043812938841152796,26.128822260867267,34.56152040725342,500.0
625.0,0.04359387414694703,27.97272607240692,33.857539750739406,500.0
626.0,0.043375904776212296,46.447141444647635,33.06331034960511,500.0
627.0,0.043159025252331236,7.4124959971730995,32.4018484040872,500.0
628.0,0.04294323012606958,-1.1883458878531514,32.22514964731248,500.0
629.0,0.04272851397543923,-8.392647188777033,31.524222267470897,500.0
630.0,0.04251487140556204,65.64987730748139,32.03940321351957,500.0
631.0,0.04230229704853423,48.88004522462152,31.94929078553024,500.0
632.0,0.04209078556329156,40.72025192468491,32.05431923248616,500.0
633.0,0.0418803316354751,17.82569514215059,32.14582864377921,500.0
634.0,0.041670929977297724,10.514517290591073,32.21880265672929,500.0
635.0,0.04146257532741124,31.396633180252934,32.08655835841017,500.0
636.0,0.04125526245077418,102.94538020257248,32.997455219021305,500.0
637.0,0.04104898613852031,-17.735260848819003,33.02134602262013,500.0
638.0,0.04084374120782771,2.547719447959315,32.57226042236099,500.0
639.0,0.04063952250178857,78.33596926481577,33.41202597509335,500.0
640.0,0.04043632488927963,62.89141715960108,33.70279849057555,500.0
641.0,0.04023414326483323,116.72973048552984,35.211762704600126,500.0
642.0,0.040032972548509065,75.62205516467498,36.10486807401803,500.0
643.0,0.03983280768576652,32.6455210779203,36.12489963294106,500.0
644.0,0.03963364364733769,43.80859676234181,36.06167003772699,500.0
645.0,0.039435475429100995,52.48228591010604,36.598419788103726,500.0
646.0,0.03923829805195549,42.972743939121614,37.11380996729889,500.0
647.0,0.03904210656169572,48.93297810087195,36.95787135624396,500.0
648.0,0.03884689602888724,21.115790754316073,36.77996297682017,500.0
649.0,0.0386526615487428,24.64892057491073,36.24052700423525,500.0
650.0,0.03845939824099909,43.70616610780384,36.420516732163875,500.0
651.0,0.03826710124979409,24.895500830335827,35.88587733696124,500.0
652.0,0.038075765743545126,15.876519532378609,35.46618360494536,500.0
653.0,0.0378853869148274,105.17805746735844,35.36452985338944,500.0
654.0,0.03769595998025326,8.80435140230016,34.64355295976521,500.0
655.0,0.03750748018035199,16.87616822981428,34.702156596645736,500.0
656.0,0.037319942779450235,6.071972032733748,34.01022271918962,500.0
657.0,0.037133343065552986,24.58023525985815,33.19242362376046,500.0
658.0,0.03694767635022522,19.731886670032605,33.41242364994976,500.0
659.0,0.036762937968474095,45.651500491844246,33.95655704957428,500.0
660.0,0.03657912327863173,62.52236980777566,33.79145493276937,500.0
661.0,0.036396227662238566,8.131922575598079,33.53253603296132,500.0
662.0,0.03621424652392737,31.783076569449175,33.653857443571994,500.0
663.0,0.036033175291307735,-30.617496944742033,33.41153907754151,500.0
664.0,0.03585300941485119,-6.539564891758482,33.11004329596609,500.0
665.0,0.035673744367776934,27.944916625188004,33.46365693313625,500.0
666.0,0.03549537564593805,72.79188075159291,34.0038067192699,500.0
667.0,0.035317898767708356,91.0387222435063,34.73995064803121,500.0
668.0,0.03514130927386981,15.944722538002647,34.818786228152064,500.0
669.0,0.03496560272750046,11.279923365759776,34.738431147797655,500.0
670.0,0.03479077471386296,39.60396125779202,33.96471282333991,500.0
671.0,0.03461682084029365,88.12756822995216,35.013844088413684,500.0
672.0,0.034443736736092176,-14.309425882242067,34.88469915292133,500.0
673.0,0.034271518052411715,-0.9086806909753535,34.55643633429898,500.0
674.0,0.034100160462149656,55.1342158479544,35.00390327581644,500.0
675.0,0.03392965965983891,-11.266018050884245,34.338573752888934,500.0
676.0,0.033760011361539714,36.53004782311703,34.55065910403663,500.0
677.0,0.03359121130473201,50.64577518838933,35.91531129261285,500.0
678.0,0.033423255248208356,16.45227085823338,35.76000338316126,500.0
679.0,0.03325613897196732,28.161708135261684,36.34314385938849,500.0
680.0,0.03308985827710748,0.058659642009015966,36.55115777895256,500.0
681.0,0.032924408985721944,55.48907435782109,36.75809768473052,500.0
682.0,0.03275978694079333,62.13294097449275,37.2239002175617,500.0
683.0,0.032595988006089364,43.86405294760252,37.447264126442015,500.0
684.0,0.032433008066058915,78.97285188995495,38.09045798239092,500.0
685.0,0.03227084302572862,92.37496375212966,38.652107898016894,500.0
686.0,0.032109488810599975,73.95681021927975,38.703440385737636,500.0
687.0,0.031948941366546975,78.38839898445121,39.16799746682433,500.0
688.0,0.03178919665971424,38.73943405227084,39.33476710181177,500.0
689.0,0.03163025067641567,95.66825614039728,37.83083486873517,500.0
690.0,0.03147209942303359,55.13449839545055,37.456234696461344,500.0
691.0,0.03131473892591842,84.71054206818881,38.2699544851773,500.0
692.0,0.031158165231288826,33.78775527613956,37.985627137931836,500.0
693.0,0.03100237440513238,17.43512901525714,37.901839411249426,500.0
694.0,0.030847362533106718,5.748163966084465,37.45090537153837,500.0
695.0,0.030693125720441184,55.155106895481595,37.43836444783088,500.0
696.0,0.030539660091838977,37.98748635727738,37.61989954717583,500.0
697.0,0.03038696179137978,109.53196089411874,38.223666463852666,500.0
698.0,0.030235026982422884,1.7622474208205965,38.00336038785095,500.0
699.0,0.030083851847510768,36.07599348004487,37.32364789078064,500.0
700.0,0.029933432588273214,18.539731243622754,37.51050496194347,500.0
701.0,0.029783765425331846,35.78576616905609,36.59471834735097,500.0
702.0,0.029634846598205186,-34.50251272696569,36.151337106951786,500.0
703.0,0.02948667236521416,46.91809382184397,35.70942417142354,500.0
704.0,0.029339239003388088,-0.959474261623666,35.81292716112733,500.0
705.0,0.029192542808371146,34.86599977975527,36.26225389864637,500.0
706.0,0.02904658009432929,55.06076931494645,36.72722106707467,500.0
707.0,0.028901347193857643,84.82305530596476,37.296889018052646,500.0
708.0,0.028756840457888354,58.29972874210469,37.75685566150325,500.0
709.0,0.02861305625559891,68.48202867939152,37.7820862747293,500.0
710.0,0.028469990974320916,13.424895300559811,38.026783382136315,500.0
711.0,0.02832764101944931,38.46611813212234,37.82456075871465,500.0
712.0,0.028186002814352063,7.614237360410675,37.760418254455665,500.0
713.0,0.0280450728002803,53.92846557214553,37.83889617664947,500.0
714.0,0.0279048474362789,7.318754721692389,37.71807767575666,500.0
715.0,0.027765323199097504,72.07615402703193,37.70116493282887,500.0
716.0,0.027626496583102015,28.046924780429034,37.52879105538155,500.0
717.0,0.027488364100186506,54.877177707712164,37.917513260159424,500.0
718.0,0.027350922279685573,24.357776124221147,37.33093216094976,500.0
719.0,0.027214167668287145,25.234297867024164,37.581841555668944,500.0
720.0,0.02707809682994571,23.101251041281426,37.298055936352405,500.0
721.0,0.02694270634579598,56.44917023645218,37.37599671399769,500.0
722.0,0.026807992814067,55.7082254200547,37.92554048071181,500.0
723.0,0.026673952849996664,63.21022317815277,38.3323649841226,500.0
724.0,0.02654058308574668,17.5999419344868,38.24707618085879,500.0
725.0,0.026407880170317945,60.26491585222506,38.569998078656965,500.0
726.0,0.026275840769466357,42.62782251918674,38.53180488940236,500.0
727.0,0.026144461565619025,69.07538693565496,39.14843379878718,500.0
728.0,0.02601373925779093,71.81916276906551,39.87850888535637,500.0
729.0,0.025883670561501974,21.809659816528008,40.180531955409414,500.0
730.0,0.025754252208694463,38.841557532275985,39.912448757657366,500.0
731.0,0.02562548094765099,53.670129024874434,39.96034959565989,500.0
732.0,0.025497353542912736,65.2888671771765,40.20603574818481,500.0
733.0,0.02536986677519817,29.980444756643827,40.327583244329745,500.0
734.0,0.02524301744132218,75.74395397465749,40.9798776111704,500.0
735.0,0.025116802354115567,28.033937337101538,40.9462506527389,500.0
736.0,0.024991218342344988,47.89268439010901,40.39572369461426,500.0
737.0,0.024866262250633264,23.151862145735343,40.8045949245598,500.0
738.0,0.024741930939380097,73.03008154481402,41.50941854552835,500.0
739.0,0.024618221284683196,2.8324974965125325,40.75438382784532,500.0
740.0,0.02449513017825978,11.522125439597259,40.24069091064528,500.0
741.0,0.02437265452736848,27.069102007158794,39.34408462586157,500.0
742.0,0.024250791254731636,55.990863843796184,39.14777271265278,500.0
743.0,0.024129537298457977,53.42132461517353,39.35553074802531,500.0
744.0,0.024008889611965685,15.11753759247345,39.06862015632663,500.0
745.0,0.023888845163905856,229.84403769005283,40.842237674126096,409.0
746.0,0.023769400938086327,24.69502811574467,40.65946051589233,500.0
747.0,0.023650553933395897,61.632057948311065,40.78645131436672,500.0
748.0,0.023532301163728918,43.424943989512414,41.00954284671869,500.0
749.0,0.023414639657910272,73.65380259735545,41.49959166694313,500.0
750.0,0.023297566459620722,63.781303597461246,41.70034304183971,500.0
751.0,0.023181078627322618,81.10727180239944,42.26246075156035,500.0
752.0,0.023065173234186005,49.64913909974957,42.60018694723405,500.0
753.0,0.022949847368015076,70.4035405436219,42.252441777996694,500.0
754.0,0.022835098131175,49.4534319517635,42.65893258349132,500.0
755.0,0.022720922640519125,58.23138322065164,43.0724847333997,500.0
756.0,0.02260731802731653,87.87731616593162,43.890538174731674,500.0
757.0,0.022494281437179946,59.38132196798825,44.23854904181299,500.0
758.0,0.022381810029994047,39.21913553853742,44.43342153049804,500.0
759.0,0.022269900979844076,86.49191603362635,44.84182568591586,500.0
760.0,0.022158551474944856,77.45550436260274,44.99115703146412,500.0
761.0,0.022047758717570132,26.714071194911558,45.17697851765725,500.0
762.0,0.021937519923982282,37.918852584627444,45.23833627780903,500.0
763.0,0.021827832324362372,98.87846763543475,46.53329592361079,500.0
764.0,0.02171869316274056,-10.75108260336804,46.49118074649469,500.0
765.0,0.021610099696926857,52.629310457159555,46.73802468481442,500.0
766.0,0.021502049198442223,19.97959749070948,46.209901852205576,500.0
767.0,0.021394538952450012,35.81941659213359,45.65770879569185,500.0
768.0,0.02128756625768776,40.07144209681425,45.89897599127997,500.0
769.0,0.021181128426399323,15.407067560947045,45.94024743323183,500.0
770.0,0.021075222784267326,25.873068737227527,45.80293850802619,500.0
771.0,0.020969846670345987,55.60090198234604,45.477671845550134,500.0
772.0,0.020864997436994256,142.29831707163854,47.04374927508895,500.0
773.0,0.020760672449809284,36.43765494424446,47.41721263144113,500.0
774.0,0.020656869087560238,34.695078717640754,47.21282126013801,500.0
775.0,0.020553584742122436,40.35226733007362,47.72900411394758,500.0
776.0,0.020450816818411825,92.88075073531688,48.292511143069575,500.0
777.0,0.020348562734319765,31.30208043964614,48.09907419558216,500.0
778.0,0.020246819920648168,93.22386782520499,48.86679016525188,500.0
779.0,0.020145585821044927,33.61517733748074,48.92132485727405,500.0
780.0,0.020044857891939702,36.10041209420648,49.28174238179603,500.0
781.0,0.019944633602480003,2.5694234417189064,48.752545872635004,500.0
782.0,0.019844910434467605,59.73776468339552,48.72859410972403,500.0
783.0,0.019745685882295267,39.78773636605122,48.68783094390852,500.0
784.0,0.01964695745288379,5.92969011850415,47.957399326194015,500.0
785.0,0.01954872266561937,7.776228350652232,47.11141197217925,500.0
786.0,0.019450979052291272,42.34879258500581,46.7953317958365,500.0
787.0,0.019353724157029815,54.37495004868349,46.55519730647883,500.0
788.0,0.019256955536244666,36.6137363526722,46.533940329482846,500.0
789.0,0.019160670758563442,33.43380002789398,45.91159576835781,500.0
790.0,0.019064867404770626,72.70437154666105,46.087294499869905,500.0
791.0,0.018969543067746772,48.65406037925092,45.72672968298052,500.0
792.0,0.018874695352408037,48.299585778961,45.87184798800874,500.0
793.0,0.018780321875645996,12.516424028467965,45.82266093814084,500.0
794.0,0.018686420266267767,64.40137034205365,46.40919300190054,500.0
795.0,0.018592988164936427,72.41538380281698,46.5817957709739,500.0
796.0,0.018500023224111744,55.463256171650215,46.756553469117605,500.0
797.0,0.018407523107991184,61.9687570510244,46.28092143068667,500.0
798.0,0.01831548549245123,56.18062160371607,46.82510517251562,500.0
799.0,0.018223908064988973,87.39740946332535,47.33831933234844,500.0
800.0,0.018132788524664028,6.566436103732675,47.218586380949525,500.0
801.0,0.018042124582040707,57.039765141363965,47.431126370672615,500.0
802.0,0.017951913959130504,57.11819959923591,48.34733349393463,500.0
803.0,0.01786215438933485,44.67818655536905,48.32493442126988,500.0
804.0,0.017772843617388175,74.63601227377906,49.080889286623915,500.0
805.0,0.017683979399301233,28.61232834025233,49.01835257222888,500.0
806.0,0.017595559502304726,10.548069190541066,48.57322557098483,500.0
807.0,0.0175075817047932,74.26618085283687,48.46765682645354,500.0
808.0,0.017420043796269234,72.11911900454425,48.605850729077936,500.0
809.0,0.017332943577287888,85.79312611895575,48.778961703473584,500.0
810.0,0.01724627885940145,70.47344216043727,49.34944717207237,500.0
811.0,0.017160047465104442,21.254748561903806,49.17733347637018,500.0
812.0,0.01707424722777892,43.52222706962273,49.5364133734623,500.0
813.0,0.016988875991640028,48.810883796038254,49.48523755570122,500.0
814.0,0.016903931611681827,-0.7118763318426227,49.40493124516588,500.0
815.0,0.01681941195362342,99.15708471914833,49.67574055208704,500.0
816.0,0.016735314893855303,27.28033099540378,49.668074614236794,500.0
817.0,0.016651638319386028,14.477022914362085,49.2640730663033,500.0
818.0,0.0165683801277891,25.84834624705773,49.278978767531655,500.0
819.0,0.016485538227150154,19.62371745163712,49.22287296337779,500.0
820.0,0.0164031105360144,105.66988548564312,50.048559307821414,500.0
821.0,0.01632109498333433,82.7094538983743,50.31116214444063,500.0
822.0,0.016239489508417658,94.22059716879421,50.69628586192803,500.0
823.0,0.01615829206087557,27.272637276973757,50.33691000291624,500.0
824.0,0.01607750060057119,106.12645874577598,51.22217517102913,500.0
825.0,0.015997113097568336,84.36321275314678,51.46315814003834,500.0
826.0,0.015917127532080494,48.48378297537997,51.521717744600274,500.0
827.0,0.01583754189442009,41.151087639229715,51.24247475163601,500.0
828.0,0.01575835418494799,55.00895626289931,51.07437268657435,500.0
829.0,0.01567956241402325,58.61911230628431,51.44246721147192,500.0
830.0,0.015601164601953134,39.72711374813337,51.451322773630494,500.0
831.0,0.015523158778943369,69.01762890448293,51.60479777242657,500.0
832.0,0.015445542985048652,8.322781447332838,51.03513691512814,500.0
833.0,0.015368315270123408,-8.579381284262475,50.64953865471908,500.0
834.0,0.01529147369377279,60.14127863552479,50.49351190132776,500.0
835.0,0.015215016325303928,28.444293402606167,50.49761546198281,500.0
836.0,0.015138941243677408,67.77077967941932,50.696396414875906,500.0
837.0,0.01506324653745902,13.701552971354559,50.601893323132096,500.0
838.0,0.014987930304771725,28.959221268233065,50.16118472036628,500.0
839.0,0.014912990653247866,18.983392315285805,50.32269366855401,500.0
840.0,0.014838425699981627,29.99431088504418,50.507415523008476,500.0
841.0,0.01476423357148172,18.275322813059912,50.41947773106748,500.0
842.0,0.014690412403624311,38.71888284722786,50.24675792110181,500.0
843.0,0.01461696034160619,2.5101214661054327,49.73764588961113,500.0
844.0,0.014543875539898159,19.768045654841647,49.78415097023481,500.0
845.0,0.014471156162198668,88.29996422653578,48.368710235599636,500.0
846.0,0.014398800381387675,83.4117016652245,48.95587697109444,500.0
847.0,0.014326806379480736,91.52434470371377,49.25479983864847,500.0
848.0,0.014255172347583332,-28.27203336369095,48.53783006511644,500.0
849.0,0.014183896485845416,17.116291695226238,47.97245495609514,500.0
850.0,0.014112977003416188,26.405394935750554,47.598695869478036,500.0
851.0,0.014042412118399107,93.40938957323743,47.72171704718641,500.0
852.0,0.013972200057807112,4.211327062051869,47.267338926809444,500.0
853.0,0.013902339057518077,68.57792350230035,47.24908275639622,500.0
854.0,0.013832827362230486,59.31040280949089,47.3476524649735,500.0
855.0,0.013763663225419333,21.884440588853337,46.98418303865551,500.0
856.0,0.013694844909292236,20.307825865887043,46.30848813565506,500.0
857.0,0.013626370684745774,76.5994004740461,46.480668920715644,500.0
858.0,0.013558238831322046,4.750935205901446,46.13598691738928,500.0
859.0,0.013490447637165436,10.462644172483172,45.37569419877786,500.0
860.0,0.013422995398979608,22.52613055584177,44.82640046071024,500.0
861.0,0.01335588042198471,26.26969419326127,44.82195669069373,500.0
862.0,0.013289101019874787,59.12300335464675,45.03399819839393,500.0
863.0,0.013222655514775413,54.632148589601336,44.5915350079356,500.0
864.0,0.013156542237201536,46.24931253757686,45.161538959345044,500.0
865.0,0.013090759526015528,0.6378118313530401,44.64162397308698,500.0
866.0,0.01302530572838545,74.52494030856502,45.18707740126554,500.0
867.0,0.012960179199743523,58.321962221055195,45.41210285755476,500.0
868.0,0.012895378303744804,43.404064444078635,45.445429081027406,500.0
869.0,0.01283090141222608,28.29748514878128,45.57433325690574,500.0
870.0,0.012766746905164949,9.230267003095483,45.40790523956443,500.0
871.0,0.012702913170639124,216.98868681951842,47.021783087936136,496.0
872.0,0.012639398604785928,44.178924661473474,46.040589163834504,500.0
873.0,0.012576201611761997,69.13798309781532,46.36759244537019,500.0
874.0,0.012513320603703188,-4.558532714979341,45.97505633104401,500.0
875.0,0.012450754000684672,-1.5522131696172898,45.556011526047094,500.0
876.0,0.012388500230681249,61.13986153117684,45.23860263400568,500.0
877.0,0.012326557729527843,24.857284007909367,45.17415466968832,500.0
878.0,0.012264924940880204,27.1719282137284,44.51363527357356,500.0
879.0,0.012203600316175803,40.029215078344535,44.5777756509822,500.0
880.0,0.012142582314594924,41.074603150995046,44.627517561550086,500.0
881.0,0.01208186940302195,64.70854621497313,45.24890878928262,500.0
882.0,0.01202146005600684,46.1283893127878,45.11281503557655,500.0
883.0,0.011961352755726806,-12.075328294100556,44.59418438897503,500.0
884.0,0.01190154599194817,44.471283740949815,44.97960032519948,500.0
885.0,0.01184203826198843,25.009321723143557,45.151931258924385,500.0
886.0,0.011782828070678488,64.19092602364873,45.37035259331083,500.0
887.0,0.011723913930325095,17.401468187631373,45.0006177747003,500.0
888.0,0.01166529436067347,43.72075966662544,45.07168800783984,500.0
889.0,0.011606967888870102,24.714428473820213,44.984494292299104,500.0
890.0,0.01154893304942575,48.259216675944664,44.74004274359196,500.0
891.0,0.011491188384178622,28.6215597239568,44.53971773703901,500.0
892.0,0.011433732442257729,48.98578715708793,44.54657975082027,500.0
893.0,0.01137656378004644,78.64160414974543,45.20783155203304,500.0
894.0,0.011319680961146208,25.213158056446066,44.815949429176975,500.0
895.0,0.011263082556340478,25.70607532204497,44.34885634436924,500.0
896.0,0.011206767143558775,74.52735610883853,44.53949734374113,500.0
897.0,0.011150733307840981,-2.880316442647284,43.89100660880442,500.0
898.0,0.011094979641301777,69.75783163447336,44.02677870911199,500.0
899.0,0.011039504743095268,98.98143390401742,44.14261895351891,500.0
900.0,0.01098430721937979,65.30806219856383,44.730035214467215,500.0
901.0,0.010929385683282892,43.55816722455273,44.59521923529911,500.0
902.0,0.010874738754866477,10.477906217336114,44.12881630148011,500.0
903.0,0.010820365061092144,31.984971667955076,44.001884152605975,500.0
904.0,0.010766263235786683,43.26464026785847,43.68817043254677,500.0
905.0,0.01071243191960775,19.482334886005795,43.5968704980043,500.0
906.0,0.010658869760009713,21.208075393342064,43.70347056003231,500.0
907.0,0.010605575411209664,33.333812934197134,43.29414688084591,500.0
908.0,0.010552547534153616,72.00639446948061,43.29301963549528,500.0
909.0,0.010499784796482848,89.25153102311762,43.32760368453689,500.0
910.0,0.010447285872500434,39.658971041268316,43.0194589733452,500.0
911.0,0.01039504944313793,19.662527515720683,43.00353676288336,500.0
912.0,0.010343074195922241,13.952486123355373,42.707839353420695,500.0
913.0,0.01029135882494263,35.02950660032996,42.57002558146362,500.0
914.0,0.010239902030817916,8.872856178553299,42.66587290656757,500.0
915.0,0.010188702520663827,11.270726165902154,41.787009321035114,500.0
916.0,0.010137759008060509,70.79437882532639,42.22214979933433,500.0
917.0,0.010087070213020206,258.0435743706288,44.657815313897,480.0
918.0,0.010036634861955105,41.567234466345596,44.81500419608987,500.0
919.0,0.00998645168764533,32.819643689721936,44.94696345847072,500.0
920.0,0.01,69.7228827945894,44.587493431560176,500.0
921.0,0.01,-8.376384254119662,43.676635050035244,500.0
922.0,0.01,59.00189270887598,43.32444800543607,500.0
923.0,0.01,33.335252467794774,43.38507415734429,500.0
924.0,0.01,15.954827178890707,42.483357841675435,500.0
925.0,0.01,60.281593473304625,42.242541648877,500.0
926.0,0.01,74.55817315043178,42.503285550627524,500.0
927.0,0.01,92.00796268769172,43.011854301112145,500.0
928.0,0.01,-22.675312175849534,42.23501161672466,500.0
929.0,0.01,27.223233209529464,41.92105282575711,500.0
930.0,0.01,89.33569699933038,42.417138658269074,500.0
931.0,0.01,49.91389693380881,42.22610133856234,500.0
932.0,0.01,247.35525799645427,44.61642610405355,483.0
933.0,0.01,68.54881326868377,45.38770804958302,500.0
934.0,0.01,229.59762838608577,47.08227154708863,495.0
935.0,0.01,43.23411918982746,47.230169804960845,500.0
936.0,0.01,45.05457921212928,47.00300780028793,500.0
937.0,0.01,34.27437623742668,47.20873603294866,500.0
938.0,0.01,67.93610509982086,47.59850487126453,500.0
939.0,0.01,56.657933495046834,47.97525028306213,500.0
940.0,0.01,52.65734949675522,48.201880669179246,500.0
941.0,0.01,105.39377166110816,49.07306515765973,500.0
942.0,0.01,67.29349227912952,49.35881125197875,500.0
943.0,0.01,-5.911079686039336,49.2745992404573,500.0
944.0,0.01,26.11305846451414,49.33804936855403,500.0
945.0,0.01,101.39975008469649,49.46904722713563,500.0
946.0,0.01,55.50753833600023,49.19000559384339,500.0
947.0,0.01,35.23990214896908,48.62716116829595,500.0
948.0,0.01,41.24866518833168,49.32236815381618,500.0
949.0,0.01,109.93516717166595,50.25055690858058,500.0
950.0,0.01,34.03007589735581,50.326803718196636,500.0
951.0,0.01,40.43051367143842,49.79701495917864,500.0
952.0,0.01,49.24932645974087,50.24739495315553,500.0
953.0,0.01,56.1655610020473,50.12327132815299,500.0
954.0,0.01,43.16200006343057,49.961787300692386,500.0
955.0,0.01,34.52843072007659,50.08822720200462,500.0
956.0,0.01,75.1830715015838,50.63697965836159,500.0
957.0,0.01,34.71046435095306,50.21809029713066,500.0
958.0,0.01,18.892573646136494,50.359506681533006,500.0
959.0,0.01,53.36320664879065,50.78851230629608,500.0
960.0,0.01,97.31076944300719,51.536358695167735,500.0
961.0,0.01,80.48963416850872,52.07855809492021,500.0
962.0,0.01,62.31245496855129,52.110452611059266,500.0
963.0,0.01,16.34772454717748,51.727608370635025,500.0
964.0,0.01,68.59182567605882,51.95103350201985,500.0
965.0,0.01,0.49093782965656496,51.949564762002886,500.0
966.0,0.01,23.879641995875918,51.44311177887599,500.0
967.0,0.01,101.58369540196924,51.87572911068514,500.0
968.0,0.01,61.93016660216092,52.060990132265964,500.0
969.0,0.01,-13.576798351044893,51.642247297267694,500.0
970.0,0.01,5.966986985981518,51.60961449709655,500.0
971.0,0.01,6.8003557163086725,49.50773118606445,500.0
972.0,0.01,35.51165851343903,49.421058524584105,500.0
973.0,0.01,13.585747947203085,48.86553617307799,500.0
974.0,0.01,57.829517236025175,49.48941667258803,500.0
975.0,0.01,25.34540777988182,49.758392882083015,500.0
976.0,0.01,12.598143188701972,49.272975698658264,500.0
977.0,0.01,33.157905335734725,49.35598191193652,500.0
978.0,0.01,19.655011420875557,49.280812744007996,500.0
979.0,0.01,56.03186815942116,49.440839274818764,500.0
980.0,0.01,55.756717663606466,49.58766041994487,500.0
981.0,0.01,52.84436167964247,49.46901857459157,500.0
982.0,0.01,8.032939606194411,49.08806407752563,500.0
983.0,0.01,45.06089345153114,49.659426294981955,500.0
984.0,0.01,82.57660453935847,50.040479502966036,500.0
985.0,0.01,72.67719084907515,50.51715819422536,500.0
986.0,0.01,69.80361473335398,50.57328508132241,500.0
987.0,0.01,67.54973086522557,51.07476770809836,500.0
988.0,0.01,50.697998201584525,51.14454009344795,500.0
989.0,0.01,-0.7928028984606963,50.88946777972514,500.0
990.0,0.01,48.63054786683389,50.89318109163403,500.0
991.0,0.01,20.239064102024273,50.80935613541471,500.0
992.0,0.01,114.44415081605499,51.46393977200438,500.0
993.0,0.01,80.25996410191748,51.480123371526105,500.0
994.0,0.01,53.56953251632831,51.76368711612493,500.0
995.0,0.01,55.82608963424751,52.06488725924695,500.0
996.0,0.01,18.436205454179394,51.503975752700356,500.0
997.0,0.01,48.44154197119882,52.0171943368388,500.0
998.0,0.01,93.39378971539332,52.253553917648006,500.0
999.0,0.01,88.59315902016007,52.149671168809434,500.0
1000.0,0.01,-14.263704468356096,51.35395350214023,500.0
1001.0,0.01,30.88588603191433,51.227230690213844,500.0
1002.0,0.01,74.02426957350096,51.862694323775486,500.0
1003.0,0.01,34.305733065395586,51.88590193774989,500.0
1004.0,0.01,254.3598604416416,53.99685413948773,478.0
1005.0,0.01,100.38405990751544,54.80587138970284,500.0
1006.0,0.01,81.30240560599863,55.4068146918294,500.0
1007.0,0.01,66.69477062245525,55.74042426871198,500.0
1008.0,0.01,35.341840623386815,55.37377873025104,500.0
1009.0,0.01,91.60884333495851,55.39735185336946,500.0
1010.0,0.01,49.1319500389561,55.49208164334634,500.0
1011.0,0.01,-0.5661372854878466,55.28979499533425,500.0
1012.0,0.01,82.9996724862586,55.98026685896329,500.0
1013.0,0.01,84.91036586098792,56.47907545156987,500.0
1014.0,0.01,5.880932384912184,56.44915621363345,500.0
1015.0,0.01,46.005172469031706,56.79650067666475,500.0
1016.0,0.01,62.98849505810952,56.71844183899258,500.0
1017.0,0.01,6.940753242951563,54.207413627715795,500.0
1018.0,0.01,87.2842506062972,54.66458378911532,500.0
1019.0,0.01,76.4815282878514,55.10120263509661,500.0
1020.0,0.01,84.24872300991784,55.246461037249894,500.0
1021.0,0.01,59.20254224906459,55.92225030228174,500.0
1022.0,0.01,47.55500054401826,55.80778138063315,500.0
1023.0,0.01,58.75950548225886,56.06202391077779,500.0
1024.0,0.01,21.342229532911738,56.115897934318,500.0
1025.0,0.01,14.822837635140893,55.66131037593637,500.0
1026.0,0.01,28.970867075749457,55.205437315189535,500.0
1027.0,0.01,38.44601435711321,54.669817831883755,500.0
1028.0,0.01,-14.710894489080054,54.74946200875145,500.0
1029.0,0.01,23.00170152622188,54.70724669191838,500.0
1030.0,0.01,-1.7414468541980415,53.79647525338309,500.0
1031.0,0.01,185.13816321424423,55.14871791618745,491.0
1032.0,0.01,7.609590137288767,52.75126123759579,500.0
1033.0,0.01,33.40552678501574,52.39982837275911,500.0
1034.0,0.01,53.91112443286832,50.642963333226945,500.0
1035.0,0.01,60.47391513310383,50.815361292659716,500.0
1036.0,0.01,22.89064940886475,50.59372199462707,500.0
1037.0,0.01,49.249850724530816,50.74347673949812,500.0
1038.0,0.01,56.58568557028539,50.62997254420276,500.0
1039.0,0.01,44.05028621952212,50.5038960714475,500.0
1040.0,0.01,32.8177744345742,50.305500320825686,500.0
1041.0,0.01,45.40634856314699,49.70562608984607,500.0
1042.0,0.01,35.36032701510225,49.3862944372058,500.0
1043.0,0.01,16.45445466662275,49.60994978073242,500.0
1044.0,0.01,10.883258201421562,49.4576517781015,500.0
1045.0,0.01,7.012102274708098,48.513775300001626,500.0
1046.0,0.01,-2.075992551761381,47.93793999112401,500.0
1047.0,0.01,89.74485859069402,48.48298955554125,500.0
1048.0,0.01,218.5193727116399,50.25569663077434,497.0
1049.0,0.01,35.10012188780174,49.507346177935695,500.0
1050.0,0.01,-5.080668992125436,49.11623872904088,500.0
1051.0,0.01,38.25718187496612,49.09450541107616,500.0
1052.0,0.01,100.1372115692703,49.603384262171446,500.0
1053.0,0.01,35.31802856191902,49.39490893777016,500.0
1054.0,0.01,81.39823327150708,49.777271269850935,500.0
1055.0,0.01,51.784305325996485,49.94983001591014,500.0
1056.0,0.01,64.1672569221547,49.83967187011584,500.0
1057.0,0.01,88.38699648480925,50.37643719145441,500.0
1058.0,0.01,48.70432210444826,50.67455467603753,500.0
1059.0,0.01,41.399625174894574,50.55491886129857,500.0
1060.0,0.01,31.851186195353108,49.90032302882203,500.0
1061.0,0.01,29.807048067228717,49.39349716780923,500.0
1062.0,0.01,10.374928192902036,48.874121900052735,500.0
1063.0,0.01,36.33212052856178,49.073965859866576,500.0
1064.0,0.01,89.04453643917647,49.27849296749775,500.0
1065.0,0.01,68.30023794163768,49.95658596861755,500.0
1066.0,0.01,76.88064691562963,50.48659601781509,500.0
1067.0,0.01,90.38976940433176,50.374656757838714,500.0
1068.0,0.01,39.49606998688616,50.15031579168597,500.0
1069.0,0.01,3.1961572939160012,50.318045348135584,500.0
1070.0,0.01,81.90945923618553,51.07747007063762,500.0
1071.0,0.01,63.85204568285042,51.64798697030304,500.0
1072.0,0.01,17.492774543422442,51.467798130602866,500.0
1073.0,0.01,85.71685774004678,52.18910922853131,500.0
1074.0,0.01,156.53390509242988,53.17615310709535,500.0
1075.0,0.01,49.68629063303155,53.41956193562685,500.0
1076.0,0.01,53.79881219974167,53.83156862573725,500.0
1077.0,0.01,51.212808016113264,54.01211765254102,500.0
1078.0,0.01,226.43387239853683,56.079906262317635,488.0
1079.0,0.01,129.46059315688814,56.81419351229231,500.0
1080.0,0.01,77.93073298194703,57.03593366547571,500.0
1081.0,0.01,41.166557913957945,56.91915562781888,500.0
1082.0,0.01,68.51969881160997,57.52402321987304,500.0
1083.0,0.01,144.44116347318342,58.51782592008956,500.0
1084.0,0.01,61.059272885649555,58.30265260355247,500.0
1085.0,0.01,34.380610446955515,57.919686799531284,500.0
1086.0,0.01,111.04283934799898,58.332079045677716,500.0
1087.0,0.01,115.4464823799371,58.811046560824835,500.0
1088.0,0.01,228.68615020985172,60.5909280809075,494.0
1089.0,0.01,75.86706839597603,61.357526793851875,500.0
1090.0,0.01,76.75090620767958,61.63873037726034,500.0
1091.0,0.01,50.3573850354796,61.939913586594884,500.0
1092.0,0.01,74.52030414173473,61.540675119851684,500.0
1093.0,0.01,73.36709029098381,61.471746381742335,500.0
1094.0,0.01,65.61085228677297,61.59215957944678,500.0
1095.0,0.01,102.70923526590516,62.06099103576335,500.0
1096.0,0.01,244.14813558465264,64.3181103370681,439.0
1097.0,0.01,4.353770463042833,63.87723262198653,500.0
1098.0,0.01,108.61095526396225,64.02940427747222,500.0
1099.0,0.01,83.23366297895714,63.9758093170602,500.0
1100.0,0.01,107.33137669700174,65.19176012871377,500.0
1101.0,0.01,85.35024230472962,65.73640369144192,500.0
1102.0,0.01,59.46552907309019,65.59081628643781,500.0
1103.0,0.01,81.20746312475171,66.05983358703138,500.0
1104.0,0.01,94.53013873090393,64.461536369924,500.0
1105.0,0.01,141.35406777324704,64.87123644858131,500.0
1106.0,0.01,78.1811736052532,64.84002412857387,500.0
1107.0,0.01,97.82918071453517,65.15136822949468,500.0
1108.0,0.01,45.85423183981551,65.25649214165897,500.0
1109.0,0.01,47.77473996023782,64.81815110791176,500.0
1110.0,0.01,108.24149030049134,65.4092465105271,500.0
1111.0,0.01,4.789537071420813,65.46280325409619,500.0
1112.0,0.01,89.45821313635611,65.52738866059717,500.0
1113.0,0.01,70.75601475454057,65.38584514953268,500.0
1114.0,0.01,105.89312201662014,66.38596704584978,500.0
1115.0,0.01,39.681682940461435,66.32273215056408,500.0
1116.0,0.01,80.77955061991025,66.50064270618208,500.0
1117.0,0.01,95.3179559914553,67.38441473366711,500.0
1118.0,0.01,54.024506398426844,67.0518172915884,500.0
1119.0,0.01,73.14148501436952,67.01841685885358,500.0
1120.0,0.01,238.2574446509648,68.55850407526405,486.0
1121.0,0.01,129.6971280413918,69.26344993318733,500.0
1122.0,0.01,34.75461456458854,69.13544607339303,500.0
1123.0,0.01,78.21727899629106,69.33002380853337,500.0
1124.0,0.01,85.11946812579995,69.96779619446225,500.0
1125.0,0.01,32.51051656308451,70.14467298374169,500.0
1126.0,0.01,211.0667646332775,71.96563195931697,489.0
1127.0,0.01,85.98001719412709,72.44097198768709,500.0
1128.0,0.01,89.42230109992332,73.48230394357714,500.0
1129.0,0.01,67.01757580741032,73.92246268638901,500.0
1130.0,0.01,36.07301082453084,74.3006072631763,500.0
1131.0,0.01,57.13057248987379,73.02053135593259,500.0
1132.0,0.01,88.31443792731359,73.82757983383284,500.0
1133.0,0.01,76.59379286244578,74.25946249460715,500.0
1134.0,0.01,124.82607391286695,74.96861198940714,500.0
1135.0,0.01,60.90906975469303,74.97296353562302,500.0
1136.0,0.01,78.1509744538577,75.52556678607296,500.0
1137.0,0.01,56.243578639193146,75.59550406521959,500.0
1138.0,0.01,31.141891392453946,75.34106612344127,500.0
1139.0,0.01,77.95090821755386,75.68007234342159,500.0
1140.0,0.01,68.48099727475329,76.03670457182338,500.0
1141.0,0.01,85.22051795157456,76.43484626570765,500.0
1142.0,0.01,49.36871763700546,76.5749301719267,500.0
1143.0,0.01,37.264028022078115,76.78302590548125,500.0
1144.0,0.01,115.21563705498117,77.82634969401684,500.0
1145.0,0.01,58.27239933850497,78.33895266465481,500.0
1146.0,0.01,91.84391687917537,79.27815175896417,500.0
1147.0,0.01,60.52652333470857,78.98596840640431,500.0
1148.0,0.01,88.7769036665777,77.6885437159537,500.0
1149.0,0.01,59.22929009094521,77.92983539798513,500.0
1150.0,0.01,45.01538019398257,78.4307958898462,500.0
1151.0,0.01,150.6320903930429,79.55454497502697,500.0
1152.0,0.01,52.18165911161334,79.07498945045039,500.0
1153.0,0.01,41.94873080668896,79.1412964728981,500.0
1154.0,0.01,210.82342088289448,80.43554834901197,485.0
1155.0,0.01,75.88251781694832,80.67653047392149,500.0
1156.0,0.01,271.3497276980927,82.74835518168088,415.0
1157.0,0.01,67.7105261438344,82.54159047827112,500.0
1158.0,0.01,164.7287250346343,83.70183450757298,500.0
1159.0,0.01,116.4066662175288,84.45190491799933,500.0
1160.0,0.01,240.59448947744022,86.5393379508202,414.0
1161.0,0.01,100.11648422854977,87.2424323124334,500.0
1162.0,0.01,29.33564812468188,87.43203951175119,500.0
1163.0,0.01,115.34216456568934,88.22213995212248,500.0
1164.0,0.01,69.6032409335358,88.02772699706605,500.0
1165.0,0.01,69.13635781573265,88.03608819580701,500.0
1166.0,0.01,-0.5310671068941792,87.26197105558178,500.0
1167.0,0.01,79.51354704350231,87.15320883197347,500.0
1168.0,0.01,81.09578647993392,87.56920599690396,500.0
1169.0,0.01,104.15445615493522,88.57878898551415,500.0
1170.0,0.01,117.21721689487475,88.93186656210104,500.0
1171.0,0.01,74.14098246750154,89.03475592994755,500.0
1172.0,0.01,123.76119544553033,90.09744013896864,500.0
1173.0,0.01,93.41155578854178,90.17438711945358,500.0
1174.0,0.01,147.83687672122198,90.0874168357415,500.0
1175.0,0.01,54.37799338932699,90.13433386330445,500.0
1176.0,0.01,231.2783875055146,91.9091296163622,455.0
1177.0,0.01,238.25432732751133,93.77954480947618,422.0
1178.0,0.01,227.95704030216797,93.79477648851251,421.0
1179.0,0.01,69.09066231218802,93.19107718006549,500.0
1180.0,0.01,113.90812645621554,93.55085111480817,500.0
1181.0,0.01,52.30524571477671,93.66223799281637,500.0
1182.0,0.01,113.73189637406183,94.1143599684409,500.0
1183.0,0.01,157.29372502198905,94.24288558392895,500.0
1184.0,0.01,81.68934256588072,94.44918628073124,500.0
1185.0,0.01,261.7347674128416,96.72272785039011,433.0
1186.0,0.01,68.0314690682189,96.2926141475923,500.0
1187.0,0.01,75.37175231646714,95.89186684695758,500.0
1188.0,0.01,127.81318661313004,94.88313721099038,500.0
1189.0,0.01,39.31573503664481,94.51762387739707,500.0
1190.0,0.01,90.22433550495704,94.65235817036987,500.0
1191.0,0.01,46.045185830646325,94.60923617832154,500.0
1192.0,0.01,49.30159276148369,94.35704906451903,500.0
1193.0,0.01,86.25039741433683,94.48588213575253,500.0
1194.0,0.01,43.040560068887416,94.26017921357368,500.0
1195.0,0.01,48.450698292865546,93.7175938438433,500.0
1196.0,0.01,75.76281670848729,92.03374065508166,500.0
1197.0,0.01,105.06252730632025,93.04082822351442,500.0
1198.0,0.01,230.5301399420041,94.26002007029483,440.0
1199.0,0.01,92.67816413442438,94.3544650818495,500.0
1200.0,0.01,66.35499055167993,93.94470122039627,500.0
1201.0,0.01,84.71181401763481,93.93831693752534,500.0
1202.0,0.01,37.14361080506455,93.71509775484509,500.0
1203.0,0.01,273.7412044715826,95.64043516831337,403.0
1204.0,0.01,268.17433472918185,97.37687712829616,420.0
1205.0,0.01,40.09183829785486,96.36425483354222,500.0
1206.0,0.01,72.70759733319517,96.30951907082164,500.0
1207.0,0.01,43.18593993321963,95.7630866630085,500.0
1208.0,0.01,237.53868603316135,97.67993120494197,486.0
1209.0,0.01,126.60670215264729,98.46825082686605,500.0
1210.0,0.01,64.06600420075296,98.02649596586868,500.0
1211.0,0.01,82.34957524372584,98.80209634759174,500.0
1212.0,0.01,243.9252205400625,100.34676642162881,440.0
1213.0,0.01,123.64654932561037,100.87567176733951,500.0
1214.0,0.01,58.08655177130265,100.39760606488635,500.0
1215.0,0.01,51.55047220304363,100.51629395751215,500.0
1216.0,0.01,77.5139354173952,100.48363780548702,500.0
1217.0,0.01,60.70767537335078,100.13753499930597,500.0
1218.0,0.01,233.00978523672387,101.92738778768891,375.0
1219.0,0.01,126.44746808871736,102.46044761843241,500.0
1220.0,0.01,23.919747836227025,100.31707065028502,500.0
1221.0,0.01,30.119960670378408,99.3212989765749,500.0
1222.0,0.01,255.07446115020906,101.5244974424311,418.0
1223.0,0.01,230.6575415631627,103.04890006809981,469.0
1224.0,0.01,221.90805254804974,104.4167859123223,451.0
1225.0,0.01,271.47051042956616,106.80638585098711,430.0
1226.0,0.01,45.50182581704594,105.15073646282481,500.0
1227.0,0.01,223.2765090990431,106.52370138187396,459.0
1228.0,0.01,65.71875492882909,106.28666592016302,500.0
1229.0,0.01,282.2446483425568,108.4389366455145,367.0
1230.0,0.01,60.062243555416146,108.67882897282335,500.0
1231.0,0.01,94.88594865687666,109.05638273449337,500.0
1232.0,0.01,90.79922175639447,109.0812305727842,500.0
1233.0,0.01,103.05770134106432,109.34586965757036,500.0
1234.0,0.01,39.77347739224355,108.49534369236414,500.0
1235.0,0.01,29.591743666614427,108.18217043148337,500.0
1236.0,0.01,87.9902559813303,108.28056324675808,500.0
1237.0,0.01,90.38539609999061,108.62198142136607,500.0
1238.0,0.01,258.69058251308786,110.89746833257239,432.0
1239.0,0.01,36.695520560362915,110.4849144560005,500.0
1240.0,0.01,34.620864211949446,110.14631312537243,500.0
1241.0,0.01,74.95343470649046,110.04364229292159,500.0
1242.0,0.01,83.08824835267407,110.38083760007828,500.0
1243.0,0.01,274.5401791406388,112.7535991112639,383.0
1244.0,0.01,206.66289163511934,113.66807165706528,478.0
1245.0,0.01,103.26681273840052,114.11801579106424,500.0
1246.0,0.01,57.54685345785352,113.77504515685104,500.0
1247.0,0.01,65.6030687702836,113.82581061120678,500.0
1248.0,0.01,94.94061666835603,113.88744774122456,500.0
1249.0,0.01,248.86135671250366,115.78376840744014,447.0
1250.0,0.01,233.63088329080406,117.66992343840835,489.0
1251.0,0.01,271.6434128921398,118.8800366633993,404.0
1252.0,0.01,243.10016186934212,120.78922169097659,406.0
1253.0,0.01,28.459768776701342,120.65433207067672,500.0
1254.0,0.01,69.42556505088096,119.24035351235659,500.0
1255.0,0.01,25.962597138832905,118.74115430557542,500.0
1256.0,0.01,67.9043633392237,116.70670066198674,500.0
1257.0,0.01,62.740040898831055,116.65699580953668,500.0
1258.0,0.01,78.9625140986291,115.79933370017665,500.0
1259.0,0.01,241.52174311073864,117.05048446910877,427.0
1260.0,0.01,257.5857421338991,117.22039699567337,444.0
1261.0,0.01,67.92487226811832,116.89848087606904,500.0
1262.0,0.01,57.297390795924734,117.17809830278145,500.0
1263.0,0.01,124.2956691304239,117.26763334842879,500.0
1264.0,0.01,25.77605899453965,116.82936152903883,500.0
1265.0,0.01,106.36259558044063,117.20162390668591,500.0
1266.0,0.01,88.21623270996795,118.08909690485454,500.0
1267.0,0.01,121.15744897591463,118.50553592417866,500.0
1268.0,0.01,77.64444823057279,118.47102254168504,500.0
1269.0,0.01,131.82414369221127,118.74771941705784,500.0
1270.0,0.01,39.74938701404879,117.97304111824953,500.0
1271.0,0.01,94.65917935539397,118.17822308712846,500.0
1272.0,0.01,97.5943945356377,117.91655507802955,500.0
1273.0,0.01,116.29106874561046,118.14535020760022,500.0
1274.0,0.01,84.79002834497199,117.51488172383773,500.0
1275.0,0.01,101.78401345076517,117.98894192445212,500.0
1276.0,0.01,84.75478309533571,116.52370588035033,500.0
1277.0,0.01,71.18717439723304,114.85303435104755,500.0
1278.0,0.01,262.84383264008665,115.20190227442671,407.0
1279.0,0.01,117.41442008167009,115.68513985212154,500.0
1280.0,0.01,84.04149114587159,115.38647349901811,500.0
1281.0,0.01,40.50834879832715,115.26850452985362,500.0
1282.0,0.01,274.67306458323196,116.87791621194532,420.0
1283.0,0.01,234.33377229599904,117.64831668468541,421.0
1284.0,0.01,79.25515160616244,117.62397477508823,500.0
1285.0,0.01,47.740689013910504,115.48403399109893,500.0
1286.0,0.01,72.59010817756378,115.52962038219238,500.0
1287.0,0.01,26.966548952074852,115.04556834854847,500.0
1288.0,0.01,46.76072965564008,114.23504377897356,500.0
1289.0,0.01,55.70440865532442,114.39893051516037,500.0
1290.0,0.01,97.8195028036489,114.47488218814728,500.0
1291.0,0.01,52.36269087541909,114.53805723859499,500.0
1292.0,0.01,61.972633268451006,114.66476764366467,500.0
1293.0,0.01,263.4716162042121,116.43697983156342,402.0
1294.0,0.01,221.9345306781992,118.22591953765655,490.0
1295.0,0.01,254.75573981504215,120.28896995287829,451.0
1296.0,0.01,227.06051890413153,121.80194697483473,462.0
1297.0,0.01,243.60980436424123,123.18741974541395,390.0
1298.0,0.01,237.3036712982495,123.25515505897641,423.0
1299.0,0.01,245.9944917782987,124.78831833541517,313.0
1300.0,0.01,128.00776639749282,125.40484609387332,500.0
1301.0,0.01,219.2992922067912,126.75072087576487,381.0
1302.0,0.01,116.42411706249216,127.54352593833913,500.0
1303.0,0.01,240.7103629620227,127.21321752324354,314.0
1304.0,0.01,26.967357828490453,124.80114775423662,500.0
1305.0,0.01,245.62384593488616,126.85646783060693,384.0
1306.0,0.01,62.19008323248318,126.7512926895998,500.0
1307.0,0.01,142.2849395655204,127.74228268592282,500.0
1308.0,0.01,232.046449783647,127.68736032342767,425.0
1309.0,0.01,252.7112267261336,128.94840556916253,345.0
1310.0,0.01,94.98183940142633,129.25756392116926,500.0
1311.0,0.01,244.69541020731873,130.8810222708052,451.0
1312.0,0.01,232.3334301423968,130.76510436682852,399.0
1313.0,0.01,218.428655460379,131.71292542817622,482.0
1314.0,0.01,212.33486920663594,133.25540860252954,487.0
1315.0,0.01,92.55340640523372,133.66543794455146,500.0
1316.0,0.01,242.9244207317332,135.31954279769482,392.0
1317.0,0.01,69.50830005097004,135.407549044471,500.0
1318.0,0.01,225.06834072150173,135.3281345993188,429.0
1319.0,0.01,241.67726486812722,136.4804325671129,479.0
1320.0,0.01,48.7393339269622,136.72862842802024,500.0
1321.0,0.01,155.29719765010807,137.98040079781754,500.0
1322.0,0.01,37.89596753570406,135.8086158616725,500.0
1323.0,0.01,105.98822798535463,134.56192272589442,500.0
1324.0,0.01,255.8908168200043,134.901750368614,386.0
1325.0,0.01,235.19360936041505,134.53898135792247,480.0
1326.0,0.01,255.99662165329877,136.643929316285,367.0
1327.0,0.01,103.3752773292434,135.444916998587,500.0
1328.0,0.01,191.20722616561937,136.6998017109549,494.0
1329.0,0.01,233.96172649230923,136.2169724924524,418.0
1330.0,0.01,81.68421294406909,136.43319218633894,500.0
1331.0,0.01,252.54234877531556,138.00975618752332,389.0
1332.0,0.01,262.7818733750495,139.72958270370987,444.0
1333.0,0.01,263.88368720565416,141.33784256235577,410.0
1334.0,0.01,151.56560856091096,142.4557638740425,451.0
1335.0,0.01,220.58002931676194,144.36564673054394,373.0
1336.0,0.01,97.20776483052205,144.45782181903584,500.0
1337.0,0.01,267.6910684126299,146.23087854216226,388.0
1338.0,0.01,201.26009072219807,145.65657362425335,493.0
1339.0,0.01,88.0944898796095,146.17056331744584,500.0
1340.0,0.01,110.10331652871153,146.92538784061344,500.0
1341.0,0.01,208.5739104953716,148.26159259850226,475.0
1342.0,0.01,197.55085709870406,149.40621868596253,496.0
1343.0,0.01,130.0450391562502,147.96126728611864,500.0
1344.0,0.01,47.032293739354614,146.36496130716102,500.0
1345.0,0.01,189.5996601823519,147.2282897816005,440.0
1346.0,0.01,79.99687831775692,147.45279003019954,500.0
1347.0,0.01,272.6357343437767,149.52311668593447,417.0
1348.0,0.01,269.1675801728085,151.26538632097902,400.0
1349.0,0.01,268.77752397448245,151.4645479935988,487.0
1350.0,0.01,80.51346739427385,149.9333738346335,500.0
1351.0,0.01,249.47199581302874,149.7116596638424,355.0
1352.0,0.01,228.2315887213543,149.5629739323625,433.0
1353.0,0.01,149.09520085650425,150.76932825316052,500.0
1354.0,0.01,265.41484446469406,152.72922104729867,329.0
1355.0,0.01,88.60927113015208,153.35568778721185,500.0
1356.0,0.01,231.7678796178066,154.99432294999767,448.0
1357.0,0.01,212.476422952117,156.49168677053055,419.0
1358.0,0.01,233.73218572228043,158.03938348676706,409.0
1359.0,0.01,77.89619342553246,156.403127989915,500.0
1360.0,0.01,54.15985652747416,154.36886913385078,500.0
1361.0,0.01,83.99227926394364,154.529543203809,500.0
1362.0,0.01,75.42590408290879,154.71082833667887,500.0
1363.0,0.01,269.73227780746754,156.1651944234493,419.0
1364.0,0.01,204.02062535719682,157.94764008707585,422.0
1365.0,0.01,218.0571731945169,159.0645858632166,462.0
1366.0,0.01,49.321824359048456,158.6756417797074,500.0
1367.0,0.01,281.1493598795455,160.27556088874374,329.0
1368.0,0.01,272.43359992857285,162.22345240572372,348.0
1369.0,0.01,199.66668131772778,162.9018777819789,386.0
1370.0,0.01,116.15215677934131,163.6659054796318,500.0
1371.0,0.01,218.74340006011244,164.90674768667898,440.0
1372.0,0.01,254.43542400858715,166.47515798140853,391.0
1373.0,0.01,210.19764880006454,167.41422378195304,465.0
1374.0,0.01,242.4771740664135,168.9910952391675,425.0
1375.0,0.01,202.3812251036166,169.99706735569598,425.0
1376.0,0.01,114.05760346419606,170.2900955593846,500.0
1377.0,0.01,263.91304757672435,172.2173542911795,369.0
1378.0,0.01,115.61496940190993,170.74506565879773,500.0
1379.0,0.01,244.16450497013022,172.01256650768232,309.0
1380.0,0.01,221.0542851594742,173.38269444781832,435.0
1381.0,0.01,228.5515627403096,175.2631265872382,402.0
1382.0,0.01,264.3054155247316,175.15945009665313,395.0
1383.0,0.01,230.16921942543453,175.11780456794753,440.0
1384.0,0.01,221.0863076444772,176.5361161283307,373.0
1385.0,0.01,256.69908456962094,178.62570008388775,375.0
1386.0,0.01,197.48870404319675,179.87468604254408,464.0
1387.0,0.01,273.9191832093107,182.34421238511644,366.0
1388.0,0.01,147.1504293015386,183.34810938157543,500.0
1389.0,0.01,90.18744505617903,183.69293974558397,500.0
1390.0,0.01,273.1704229601897,185.44644894714938,358.0
1391.0,0.01,268.7529040673976,187.61035107906918,401.0
1392.0,0.01,256.5474591115669,189.55609933750034,367.0
1393.0,0.01,257.3483904574075,189.49486708003226,381.0
1394.0,0.01,235.02934174783766,189.62581519072867,292.0
1395.0,0.01,248.23132675709186,189.56057106014916,415.0
1396.0,0.01,196.07080628621043,189.25067393397,440.0
1397.0,0.01,154.94687136365036,188.36404460396406,500.0
1398.0,0.01,215.65130824437668,188.14752097342534,417.0
1399.0,0.01,233.20815195576878,188.0196575752,403.0
1400.0,0.01,244.54801876561072,189.18506009888122,360.0
1401.0,0.01,222.62155821936352,189.21828275900694,370.0
1402.0,0.01,243.27941692600146,190.486835757642,464.0
1403.0,0.01,241.7615846811215,190.49734797483296,454.0
1404.0,0.01,282.7595733086438,193.05527012963452,369.0
1405.0,0.01,92.52235448765364,191.52425521516224,500.0
1406.0,0.01,245.88104349484055,193.3611648177858,311.0
1407.0,0.01,241.34765836058622,194.35179200573646,365.0
1408.0,0.01,227.2498392477715,194.30382590037772,390.0
1409.0,0.01,250.35380753720273,194.2802517084884,453.0
1410.0,0.01,273.4519563307452,196.0649528777816,371.0
1411.0,0.01,236.4711143454283,195.9827099191627,388.0
1412.0,0.01,223.3350554329196,195.89272617206788,490.0
1413.0,0.01,115.34630622894873,194.86190267975363,500.0
1414.0,0.01,232.94348907995004,195.06798887848672,406.0
1415.0,0.01,79.1802486752613,194.93425730118702,500.0
1416.0,0.01,250.64665987140492,195.01147969258372,428.0
1417.0,0.01,235.71833263040713,196.6735800183781,404.0
1418.0,0.01,247.93678025563986,196.90226441371945,340.0
1419.0,0.01,108.32409145443044,195.5687326795825,500.0
1420.0,0.01,220.29873637328387,197.28432670404575,383.0
1421.0,0.01,66.81134242729976,196.39946815181764,500.0
1422.0,0.01,255.78911476515484,198.5783996241121,368.0
1423.0,0.01,274.89070630996264,200.26742440735822,410.0
